aquaCultureRegistryVersion,localityNo,municipality,municipalityNo,name
1299,14746,BINDAL,1811,Aarsand
65,30096,MOLDE,1502,Aarset
415,12765,FOLLDAL,0439,Aasen Gård
1299,31937,FLEKKEFJORD,4207,Abelsnes
1299,45119,FLEKKEFJORD,4207,Abelsnes II
1299,10665,LEBESBY,5624,Adamselv
1299,29196,GUOVDAGEAIDNU - KAUTOKEINO,5612,Adjetjohka
1299,13823,STORD,4614,Ådlandsvatn
1174,33437,STAVANGER,1103,Ådnaholmen
1299,30196,MASFJORDEN,4634,Ådnekvamme
233,11934,SANDNES,1102,Ådnøy
1299,35297,SANDNES,1108,Ådnøy Sø
1299,12084,KVINNHERAD,4617,Ænes
70,26075,RENDALEN,0432,Åeng
1299,30977,VESTVÅGØY,1860,Æsøya
1299,33717,MELØY,1837,Æsvika I
1299,15196,BØMLO,4613,Aga Ø
1299,11507,BØMLO,4613,Agapollen
1299,45040,ASKVOLL,4645,Agnalsvika
215,24775,KVINNHERAD,1224,Åkersholmen
1299,10331,KVINNHERAD,4617,Åkre
1299,45162,RENDALEN,3424,Åkre
1299,45163,RENDALEN,3424,Åkre II
1299,32938,RENDALEN,3424,Åkrestrømmen
1299,12067,BJØRNAFJORDEN,4624,Aldalen
1299,12982,ASKVOLL,4645,Aldeøyna
84,11838,ASKVOLL,1428,Åleholmen
1299,10298,FITJAR,4615,Ålforo
1299,45106,VOLDA,1577,Alida
1299,11756,AUSTRHEIM,4632,Allersholmen
1299,45078,KINN,4602,Almbakkevika
1169,28836,HERØY I NORDLAND,1818,Almenningen Ø
1299,13271,FLATANGER,5049,Almurden
1299,12086,KVINNHERAD,4617,Alsåkervik
1299,11416,ØKSNES,1868,Alsvåg
1299,13227,BJØRNAFJORDEN,4624,Altaneset
1299,11179,VÅGAN,1865,Alterosen
1194,11176,VÅGAN,1865,Alterosen Land
70,21376,FINNØY,1141,Alveskjær
1299,11579,BERGEN,4601,Alvøen
1299,10319,KINN,4602,Ålvora
1299,26375,MELØY,1837,Åmøya
1299,11330,GRATANGEN,5516,Åmundsvika
1299,11513,BØMLO,4613,Andal
198,13108,VEVELSTAD,1816,Andalsvågen
1299,38037,VEVELSTAD,1816,Andalsvågen I
1105,10289,BØMLO,4613,Andarevågen
1299,33457,STEIGEN,1848,Ånderbakk
1299,35717,STEIGEN,1848,Ånderbakk Alge
1299,11339,IBESTAD,5514,Ånderkleiva
1299,32277,SMØLA,1573,Andholmen 1
1049,32297,SMØLA,1573,Andholmen 2
528,33257,STAVANGER,1103,Andreggrunnen
1299,30156,STEIGEN,1848,Anevik
1299,13563,OSTERØY,4630,Angelskår
1299,13518,TROMSØ,5501,Angstauren
1051,32017,NAMSOS,5007,Ånholmen
1299,11793,ASKVOLL,4645,Ånnaholmane
161,12123,TYSNES,1223,Ånuglo N
103,18875,STORD,1221,Apalevika
1299,45148,STAD,4649,Apalset
1299,29816,ULLENSVANG,4618,Apalvikneset
1299,29416,UNJÁRGA - NESSEBY,5636,Åpenvik
1038,12085,KVAM,4622,Aplavika
1299,45204,KARMØY,1149,Årabrotholmen
1299,11364,SENJA,5530,Årberg
1299,45033,HJELMELAND,1133,Årdal
1299,12219,GLOPPEN,4650,Åreneset
1299,12173,VIK,4639,Arnafjord
1299,24695,NAMSOS,5007,Årnes
1299,17276,GRIMSTAD,4202,Arnevik
209,11161,HADSEL,1866,Årnøy II
442,11119,GILDESKÅL,1838,Arnøysundet
1299,10735,LYNGEN,5536,Årøya
1299,45082,HUSTADVIKA,1579,Årsbogen
1299,35797,NÆRØYSUND,5060,Årsetfjorden
107,13027,NÆRØY,1751,Årseth
1299,35357,FITJAR,4615,Årskog
1299,39457,FITJAR,4615,Årskog II
257,13775,VÅGAN,1865,Årsteinfoten
1299,37837,VÅGAN,1865,Årsteinfoten Alge
413,11216,FLAKSTAD,1859,Skjelfjord
1299,10406,NAMSOS,5007,Årvika
1299,12754,ÅFJORD,5058,Askerholmen
231,13452,KVINNHERAD,1224,Askjevika
44,23815,LURØY,1834,Aspeneset
107,12717,NÆRØY,1751,Aspenget
130,12523,HVALER,0111,Aspholmen
233,11942,SANDNES,1102,Aspøy Nv
233,11938,SANDNES,1102,Aspøy Ø
248,10960,ALSTAHAUG,1820,Aspviksundet
1299,12668,NÆRØYSUND,5060,Astridholmen
528,20496,STAVANGER,1103,Atlatveit
105,11967,FINNØY,1141,Audbø S
1299,14016,LILLESAND,4215,Auenes
1048,13254,AVERØY,1554,Aukan
429,32077,AURE,1576,Aukan
1299,45087,AVERØY,1554,Aukan
1299,45159,AURE,1576,Aukan
1299,12988,AUKRA,1547,Aukrasanden
448,10870,VEVELSTAD,1816,Aunholmen Ø
1299,10221,SMØLA,1573,Aunvågen
96,10434,VEVELSTAD,1816,Aunvågen Visten
1299,12357,FRØYA,5014,Aursøysva
1299,32557,VÅGAN,1865,Ausa Vest I
1299,10275,LOPPA,5614,Auskarnes Ø
1299,11800,KINN,4602,Austneståa
1299,45131,AUSTEVOLL,4625,Austevoll Vgs
45,11505,BØMLO,1219,Austnesvågen
91,14204,BØMLO,1219,Austnesvågen S
240,11564,SVEIO,1216,Austrevågen
1299,26795,FLATANGER,5049,Austvika
62,17735,NORDKAPP,2019,Avløysningen
1299,13572,HITRA,5056,Badstuvika
1222,39077,ALSTAHAUG,1820,Bærøya
1299,12730,NÆRØYSUND,5060,Båfjorden
1299,29016,NÆRØYSUND,5060,Båfjordstranda
49,12152,LINDÅS,1263,Bakarbukti
1299,45017,MÅSØY,5618,Bakfjorden
1299,13341,BREMANGER,4648,Bakjestranda
1299,19395,KVAM,4622,Bakka
141,10283,NORDKAPP,2019,Baklia
69,12549,ÅMOT,0429,Bakstadgrenda
1299,32537,SENJA,5530,Baltsfjord
1299,13305,SENJA,5530,Barbogen
93,14259,HAMARØY,1849,Barholmen V
1299,13843,KINN,4602,Barlindbotn
773,13873,MASFJORDEN,4634,Barlingebotten
1299,11749,GULEN,4635,Bårøy
1299,31877,NAMSOS,5007,Barøya
1299,10183,ØRSTA,1520,Barstadvik
1299,39117,KINN,4602,Barstadvik
1299,45212,KINN,4602,Barstadvik II
1299,10862,BINDAL,1811,Båsen
1299,18235,HJELMELAND,1133,Bastli
56,12255,MIDSUND,1545,Båtnesbukta
1299,45182,GJEMNES,1557,Batnfjorden
1299,12517,NORD-AURDAL,3451,Begna
1299,13845,STAD,4649,Beitveit
1299,16496,NAMSOS,5007,Bekkavika
234,12516,SØR-AURDAL,0540,Bekkivoll Seter
1299,25055,HYLLESTAD,4637,Bekksneset
93,27656,GRATANGEN,1919,Belneset
1299,13964,HEIM,5055,Belsvik
90,10706,STORFJORD,1939,Bentsjordbukta
154,27556,HITRA,1617,Beøya
119,26437,BREMANGER,1438,Berastøa
1052,13828,STORD,4614,Berfot Kvarvadalen
1299,12095,KVAM,4622,Bergadalen
59,12768,RINGEBU,0520,Berget
1299,45049,NARVIK,1806,Bergkråa
264,27295,HEMNE,1612,Bergneset N
90,10556,STORFJORD,1939,"Bergodden,Storfjord"
81,10812,ALTA,2012,Bergsnes Ø
1299,20396,ALTA,5601,Bergsnes V
527,30397,STEIGEN,1848,Bergsøy
694,13872,MASFJORDEN,4634,Bergsvik
1299,11241,HADSEL,1866,Bergvikodden
928,10146,BJØRNAFJORDEN,4624,Berlandstveit
1299,12596,ÅFJORD,5058,Bessaker
46,12598,ROAN,1632,Bessakerholmen
1299,36057,OSLO,0301,Norsk Senter For Molekylærmedisin (Ncmm)
53,10510,HADSEL,1866,Bitterstad
1299,11930,SULDAL,1134,Bjelkavik
1299,12172,KVAM,4622,Bjølvefossen
1299,12178,HØYANGER,4638,Bjønnspjotneset
1299,36097,HØYANGER,4638,Bjønnspjotneset II
1299,36098,HØYANGER,4638,Bjønnspjotneset III
299,32177,EVJE OG HORNNES,0937,"Bjorå, Gnr 42 Bnr 4"
1299,24655,STEINKJER,5006,Bjørga
1299,31738,SØRREISA,5526,Bjørga
1299,12625,FLATANGER,5049,Bjørgan
69,13174,SØNDRE LAND,0536,Bjørgo
1299,31317,HAMARØY,1875,Bjørkvik
140,30937,FAUSKE,1841,Bjørkvika
1188,12507,SØNDRE LAND,3447,Bjørlia
1299,22455,VANYLVEN,1511,Bjørlykkestranda
1299,12308,ØRSTA,1520,Bjørndal
72,10633,KVALSUND,2017,Bjørneklubben
1299,33877,MOLDE,1506,Bjorneremsbukta
1299,23436,SOLUND,4636,Bjørnholmen
1299,34997,BODØ,1804,Bjørnøya
309,25975,LEKA,1755,Bjørnskjæret
1299,13185,DØNNA,1827,Bjørnsøya
1299,11340,IBESTAD,5514,Bjørnstein
274,11274,SØRFOLD,1845,Bjørnsvik
1299,45192,NESNA,1828,Bjørnvika
246,32957,LEIRFJORD,1822,Bjørshammaren
1299,13653,ALVER,4631,Bjørsvik
1299,13115,ALSTAHAUG,1820,Blåbærvika
1299,29458,TROMSØ,5501,Blåmannsvik
1299,19255,SØR-VARANGER,5605,Blåsenborgneset
1299,45072,KINN,4602,Bleket
1299,13274,NAMSOS,5007,Blikengfjorden
528,12485,OSLO,0301,Blindern
130,13809,HVALER,0111,Blindskjær
1299,11408,SORTLAND,1870,Blokken
137,10964,LURØY,1834,Blokkholmen
1299,12156,OSTERØY,4630,Blom
1299,31857,ALSTAHAUG,1820,Blomsøråsa
54,12448,AURE,1576,Blomvikbugen
459,24915,VEGA,1815,Bøbukta
1299,40138,VEGA,1815,Bøbukta Alge
1299,11399,KVÆFJORD,5510,Bogelva
1299,10212,KRISTIANSUND,1505,Bogen
1299,10503,STEIGEN,1848,Bogen
440,12252,MIDSUND,1545,Bogen Md
1299,13209,ALVER,4631,Bognøy
251,22875,AURE,1576,Boktahammeren
1299,13284,DØNNA,1827,Sjølyst
69,12550,ÅMOT,0429,Bolstadrønningen
180,13954,HVALER,0111,Bomme
1299,13143,LEBESBY,5624,Bondejorda
1299,10256,NÆRØYSUND,5060,Bondøya
1299,11248,BØ I NORDLAND,1867,Bonhammaren
1299,20536,NAMSOS,5007,Bonstranda
1299,11754,ALVER,4631,Bøøy
1299,37237,HASVIK,5616,Børfjord
1299,15796,SULDAL,1134,Borgarliflot
1299,13905,NAMSOS,5007,Borgsvika
467,23215,HARSTAD,1903,Bornøy
134,19842,FUSA,1241,Børøy
1299,20876,ØKSNES,1868,Børøya
1299,11230,HADSEL,1866,Børøya Slaktemerd
55,26095,SORTLAND,1870,Børsbukta
1299,24255,LARVIK,3909,Børstadbukta
1299,14715,FJALER,4646,Bortheim
1299,13666,BREMANGER,4648,Bortne
1299,36417,HAMMERFEST,5603,Borvika
694,12836,ARENDAL,4203,Bota Oksefjorden
1299,10220,HEIM,5055,Botn
1299,13152,BREMANGER,4648,Botnane
1299,13214,KINN,4602,Botnaneset
1299,37657,KINN,4602,Botnaneset II
1038,36157,KINN,4602,Botnastranda
1299,45160,KINN,4602,Botnastranda
207,13747,FOSNES,1748,Bragstadsundet III
1299,13149,BØMLO,4613,Brakedal
1299,38837,NAMSOS,5007,Brakstadsundet
66,12326,HAREID,1517,Brandal
1299,12040,KVINNHERAD,4617,Brandaskuta
1299,34897,ÅFJORD,5058,Brandsfjorden
1299,11488,AUSTEVOLL,4625,Brattavika
1299,33137,GRATANGEN,5516,Brattberg
1299,45123,HEMNES,1832,Brattfloget
1299,11015,HERØY I NORDLAND,1818,Brattholmen
1299,13205,SOLUND,4636,Brattholmen
291,11514,SVEIO,1216,Brattholmen S
1299,25716,TYSVÆR,1146,Brattholmen Sv
1299,25715,TYSVÆR,1146,Brattholmskjæret
1299,24836,TRONDHEIM,5001,Brattørkaia
1299,27576,TRONDHEIM,5001,Brattørkaia 17b
1299,37917,GULEN,4635,Brattøyna
48,22075,AURE,1576,Brattset
83,15557,FLATANGER,1749,Brattvika
1299,37157,FLATANGER,5049,Brattvika II
238,18176,HJELMELAND,1133,Breidvik
1299,12594,OSEN,5020,Breidvika
1299,13743,NAMSOS,5007,Breidvika
1299,45152,FYRESDAL,4032,Breivik
1299,11574,BØMLO,4613,Breivik S
192,12628,VIKNA,1750,Breivika
1299,13499,BREMANGER,4648,Breivika Ø
1299,13765,LURØY,1834,Breiviken
1299,13811,BODØ,1804,Breivika
527,15621,RØDØY,1836,Breivika
1299,28336,DØNNA,1827,Breivika
1173,36677,GAMVIK,5439,Breivika
1299,32897,DØNNA,1827,Breivika S
1299,27936,BREMANGER,4648,Breivika V
1299,33237,IBESTAD,5514,Breivoll
1299,36118,SORTLAND,1870,Bremnesøya
1299,10223,SMØLA,1573,Bremnessvaet
1299,11180,VÅGAN,1865,Brenna
432,10674,UNJARGGA-NESSEBY,2027,Brennelvbukt
518,33637,FINNØY,1141,Brennevinsgrunnen
1299,34197,HERØY I NORDLAND,1818,Brennholmen
1299,45156,ÅFJORD,5058,Brennholmen
1299,45157,ÅFJORD,5058,Brennholmen II
1299,37357,TROMSØ,5501,Brensholmen
1299,12466,SMØLA,1573,Brettingen
264,13491,HEMNE,1612,Bringberget
1299,29756,SENJA,5530,Indre Bringenes
273,10602,ALSTAHAUG,1820,Brødholmen S/Sv
1299,39137,ÅFJORD,5058,Bromsen
1299,40197,ÅFJORD,5058,Bromsen Sør
1169,36857,BODØ,1804,Brønnøyskjæran
1299,35677,HADSEL,1866,Brottøy
126,12547,ÅMOT,0429,Brudefallet Gård
1299,12237,VANYLVEN,1511,Brudevika
1262,45043,BINDAL,1811,Brukstomta
1299,13841,KINN,4602,Brunsvik
69,12544,NORD-ODAL,0418,Bruvoll
1299,11435,HAUGESUND,1106,Bryggelandsholmane
1299,31038,ØYGARDEN,4626,Buarøy
1299,45134,SYKKYLVEN,1528,Bugane
1299,29636,SØR-VARANGER,5605,Bugøynes Fiskebruk
1299,12475,SMØLA,1573,Bugten
467,12420,AURE,1576,Buhagen
1299,11543,AUSTEVOLL,4625,Buholmen
445,25655,VINDAFJORD,1160,Buholmen
1299,33537,ÅFJORD,5058,Buholmen
254,13105,HERØY I NORDLAND,1818,Bukalholmane Ø
99,12044,KVINNHERAD,1224,Buken
1299,11721,SOLUND,4636,Bukkeholmen
1299,27976,ALSTAHAUG,1820,Bukkholmen
1299,12361,FRØYA,5014,Bukkholmen S
1299,11087,RØDØY,1836,Bukkøya Ø
266,10995,TRÆNA,1835,Bukkøysundet
1299,11857,FLEKKEFJORD,4207,Buksevika
1299,22035,RANA,1833,Buktodden Nø
1299,11162,HADSEL,1866,Bullatholmen
53,11001,HERØY I NORDLAND,1818,Buøya Nv
1299,11454,KVITSØY,1144,Buøyflæet
1299,45007,VARDØ,5634,Bussesundet
119,26436,BREMANGER,1438,Busta
96,16295,NÆRØY,1751,Buvika
305,11204,VESTVÅGØY,1860,Buviknakken
431,12267,SKODJE,1529,Byttingsneset
252,10423,ÅSNES,0425,Dæsbekken
1170,11565,STORD,4614,Dåfjorden
104,12622,FLATANGER,1749,Dalavika
1299,12217,VOLDA,1577,Dale
1299,37217,HARSTAD,5503,Dale
1299,12007,STAVANGER,1103,Dale II
1049,10466,HATTFJELLDAL,1826,Dalen Gård I
260,11053,HATTFJELLDAL,1826,Dalen Gård II
260,11054,HATTFJELLDAL,1826,Dalen Gård III
192,11812,BREMANGER,1438,Dalevatn
415,12763,FOLLDAL,0439,Dalholen Skogen
1299,32497,SORTLAND,1870,Daljorda
236,10228,FRØYA,1620,Daløya
45,11461,KARMØY,1149,Dalsvåg
1299,32457,KARMØY,1149,Dalsvåg Nv
100,25755,RISØR,0901,Dampskipsbrygga
1299,31137,LOPPA,5614,Danielsnes
1299,35957,HAMMERFEST,5603,Danielsvika
317,33397,VESTNES,1535,Daugstad
1299,38077,VESTNES,1535,Daugstad II
1299,45216,VESTNES,1535,Daugstad III
1299,15455,SALTDAL,1840,Daumannsvika
1299,37557,ALTA,5601,Davatluft
1299,10757,KARLSØY,5534,Dåvøya
259,10264,NÆRØY,1751,Digermulen
1299,11076,RØDØY,1836,Digermulen
92,19535,VÅGAN,1865,Digermulen
1299,45153,FYRESDAL,4032,Digernes
1294,12659,NAMSOS,5007,Digerneset
59,12160,LÆRDAL,1422,Digerurdbukti
1299,10131,GJESDAL,1122,Dirdal
1299,11891,GJESDAL,1122,Dirdal
48,24936,FJELL,1246,Djupålsøyna
1299,13229,BJØRNAFJORDEN,4624,Djupedalen
1299,21336,HØYANGER,4638,Djupeleget
1299,14799,TYSNES,4616,Djupestallen
1299,10110,STAVANGER,1103,Djupevik
1299,10338,KVAM,4622,Djupevik
1299,20455,KVINNHERAD,4617,Djupevika
968,25135,FLEKKEFJORD,4207,Djupevika
1299,26595,TYSNES,4616,Djupevika
1217,11684,GULEN,4635,Djupevika I
89,11819,FJALER,1429,Djupevika II
134,20018,LURØY,1834,Djupskjæret
1299,37177,NÆRØYSUND,5060,Djuptaren
49,12030,KVINNHERAD,1224,Djupvik
1299,30097,RØDØY,1836,Djupvik
1299,33117,SORTLAND,1870,Djupvik
1299,12202,VOLDA,1577,Djupvik I
1299,12201,VOLDA,1577,Djupvik II
1299,23016,NAMSOS,5007,Djupvika
1299,45021,SOLUND,4636,Djupvika På Losna
69,12770,ALVDAL,0438,Dokkan
106,10369,ALVDAL,0438,Dølhaug Fiskedam
197,26035,FLATANGER,1749,Dølløyråsa
1299,34018,NÆRØYSUND,5060,Dolma N
1299,34837,HITRA,5056,Dolmøy
158,10802,KVÆNANGEN,1943,Dorras
1299,12103,BJØRNAFJORDEN,4624,Drageide
1299,10505,HADSEL,1866,Dragnes
151,31337,VESTNES,1535,Dragneset
154,22575,KRISTIANSAND,1001,Draugen Varoddbroa
1299,12214,VOLDA,1577,Dravlaus
1299,36917,ÅFJORD,5058,Drevflesa
104,12597,ROAN,1632,Drogsholmen
1299,35497,AUSTEVOLL,4625,Drøno
1299,32197,MOLDE,1506,Dryna
1299,11644,MASFJORDEN,4634,Duesund
1299,35237,SENJA,5530,Durmålsvika
48,23677,JØLSTER,1431,Dvergsdal
209,29216,JØLSTER,1431,Dvergsdal II
1299,13412,ØKSNES,1868,Dypeidet
1299,13191,STEIGEN,1848,Dyping
1299,11381,HARSTAD,5503,Dypingen
1299,21415,STAVANGER,1103,Dyrholmen
1122,32117,FITJAR,4615,Dyrholmen Ø
1299,32157,FITJAR,4615,Dyrholmen V
1299,12128,KVINNHERAD,4617,Dyrnes
1299,15495,BRØNNØY,1813,Dyrnesvågen
95,15876,BØMLO,1219,Dyrøy
1299,45150,KARLSØY,5534,Dyrsfjord
527,35697,HITRA,5056,Dyrvikholman
1299,45169,SANDE I MØRE OG ROMSDAL,1514,Dysjaneset
1299,12033,KVAM,4622,Dysvik
1299,13711,ASKVOLL,4645,Dyvika
1299,12109,ETNE,4611,Ebne
459,12574,VIKNA,5050,Edøya
1299,14041,HITRA,5056,Edøya
1299,30137,HITRA,5056,Edøya II
1299,30597,HERØY I MØRE OG ROMSDAL,1515,Eggesbønes
69,12771,ALVDAL,0438,Eggemoen Fiskedam
1299,11894,SANDNES,1108,Eiane
59,10718,NORDREISA,1942,Eidebukta
444,19335,LEBESBY,2022,Eidemolla
1299,15456,HØYANGER,4638,Søreide
1299,12041,BJØRNAFJORDEN,4624,Eidestø
137,11345,TRANØY,1927,Eidestranda
1299,11606,BØMLO,4613,Eidesvik
1299,10045,AUSTEVOLL,4625,Eidholmen
1299,34717,VESTVÅGØY,1860,Eidisholman
313,31617,TYSFJORD,1850,Eidneset
1299,10248,ÅFJORD,5058,Eidskjæra Nø
1299,10819,ALTA,5601,Eidsnes
1299,13870,ALVER,4631,Eikebærånæ
1299,38637,ØYGARDEN,4626,Eikeilen
453,11554,SVEIO,1216,Eikeland
1299,38497,KVINNHERAD,4617,Eikeneset
49,14206,OSTERØY,1253,Eiketobukti
1299,11708,ASKØY,4627,Eikevågen
1299,34817,KVITSØY,1144,Eime
1299,39177,MÅSØY,5618,Eiterfjordbotn
1299,35877,NÆRØYSUND,5060,Eiterfjorden
240,12238,BREMANGER,1438,Elde
1299,13866,STORD,4614,Eldøyane
1299,29537,FLATANGER,5049,Eldviktaren
1299,30917,HARSTAD,5503,Elgen
1299,10811,ALTA,5601,Elva I Årøysundet
59,10516,BODØ,1804,Elvefjord
1299,33077,HYLLESTAD,4637,Elveneset
1299,13943,ØKSNES,1868,Elvenesstrand
1299,32797,MÅSØY,5618,Elvevika
1299,45107,BALSFJORD,5532,Elvevoll
1299,36637,SØRFOLD,1845,Elvkroken
457,12236,BREMANGER,1438,Endal Ø
1299,13241,BREMANGER,4648,Endal Vest
1299,12879,KRISTIANSUND,1505,Endreset
528,10238,HEIM,5055,Engdal
1299,45130,HEIM,5055,Engdal
1299,36397,VÅGAN,1865,Engeløysundet N
63,18002,SØNDRE LAND,0536,Enger
128,11556,FITJAR,1222,Engevik
1299,11363,IBESTAD,5514,Enkeltstein
1299,34577,HAMMERFEST,5603,Enkeneset
1299,45224,AUSTEVOLL,4625,Erholmen
1212,12992,FRØYA,5014,Ervikbukta
1299,45027,TYSVÆR,1146,Espevik
1299,32677,FRØYA,5014,Espnestaren
695,12562,STOR-ELVDAL,3423,Evenstad
60,13121,STOR-ELVDAL,0430,Evenstad
238,23495,EIGERSUND,1101,Færevik
1299,10229,HEIM,5055,Fætten
1299,45158,FRØYA,5014,Fagerhamn
1299,37437,FRØYA,5014,Fagerholmen
1042,20755,SVEIO,4612,Fagerlandsflæ
87,13707,FLORA,1401,Fanevika
528,10387,AREMARK,3012,Fangemyren
1299,24575,ÅFJORD,5058,Farmannsøya
1299,23615,FARSUND,4206,Farøy
1299,31797,MÅSØY,5618,Fartøyvika
1299,33977,NORD-AURDAL,3451,Fasle
1299,40217,TROMSØ,5501,Fellesholmen
1299,12112,BJØRNAFJORDEN,4624,Femangervågen
1299,12624,FLATANGER,5049,Feøyvika
1299,13881,VESTRE SLIDRE,3452,Ferisfjorden
87,23795,NÆRØY,1751,Fesund
1299,31157,ØYGARDEN,4626,Fiksneset
1299,33377,NAMSOS,5007,Finnangerøya
607,13624,STAVANGER,1103,Finnasand
413,11219,FLAKSTAD,1859,Finnbyen
1299,13527,HADSEL,1866,Finnkjerka
307,30737,HADSEL,1866,Finnkjerka S
93,14261,HAMARØY,1849,Finnøyholmen N
695,12935,RISØR,4201,Finnøysundet
1047,11353,SENJA,5421,Finnstein
264,17135,SULDAL,1134,Finnvik
1299,31398,TROMSØ,5501,Finnvik
1299,11433,SENJA,5530,Finnvika S
694,21377,ARENDAL,4203,Finskot
1299,45184,STRAND,1130,Fiskå
1299,10529,HADSEL,1866,Fiskefjord I
1299,14796,LØDINGEN,1851,Fiskefjorden
1197,26875,HADSEL,1866,Fiskfjorden III
1299,10123,HJELMELAND,1133,Fister
1299,12073,ETNE,4611,Fjæra
1181,13148,ØYGARDEN,4626,Fjell
1299,10803,KVÆNANGEN,5546,Fjellbukt
1299,10581,FLEKKEFJORD,4207,Fjellsæ I
1299,11851,FLEKKEFJORD,4207,Gyland
192,13840,SELJE,1441,Fjellvann
192,22115,SELJE,1441,Fjellvann N
1299,26775,FRØYA,5014,Fjølværet Ø
1299,10060,SVEIO,4612,Fjon
1299,32597,SMØLA,1573,Fjordprakken
203,12910,TINGVOLL,1560,Fjørnestangen
288,25355,HARAM,1534,Fjørtoft
311,29496,VESTVÅGØY,1860,Flæsa
87,17775,NÆRØY,1751,Flakavikskjæran
1299,10544,SENJA,5530,Flakstadvåg
1299,22515,SENJA,5530,Flakstadvåg Havn
1299,11833,KINN,4602,Flåtegrunnen
1299,19336,HAUGESUND,1106,Flatholmen
95,20335,FITJAR,1222,Flatholmen
157,12800,BJUGN,1627,Flatøya
1299,39957,FRØYA,5014,Flatøyan
1299,36138,ÅFJORD,5058,Flatøyfjorden
1299,25835,AUSTEVOLL,4625,Flatøyflu
1299,35557,AUSTEVOLL,4625,Flatøyflu II
1299,35577,AUSTEVOLL,4625,Flatøyflu III
1299,10922,ALSTAHAUG,1820,Flatøymarka Ø
1299,38137,GULEN,4635,Flatøyna
1299,38737,AUSTEVOLL,4625,Flatøysundet
1299,13826,TYSNES,4616,Flatråker
305,27536,NÆRØY,1751,Flatskjæret
1299,45061,NÆRØYSUND,5060,Flatskjæret II
1299,30176,STEIGEN,1848,Flehammer
1299,29296,GILDESKÅL,1838,Fleina
1299,13494,NÆRØYSUND,5060,Flerengstrand
1299,12407,HITRA,5056,Flesa
1299,11355,SENJA,5530,Flesen
1299,12315,ULSTEIN,1516,Flø
107,16475,SANDE I MØRE OG ROMSDAL,1514,Flødeberga
1299,23015,ARENDAL,4203,Flødevigen
1299,45011,ARENDAL,4203,Flødevigen Sjø Øst
1299,45012,ARENDAL,4203,Flødevigen Sjø Vest
1299,25895,TYSNES,4616,Flornes
694,21375,ARENDAL,4203,Flostafjorden
1299,29876,FLATANGER,5049,Flotaren
1299,21335,HØYANGER,4638,Floteneset
1299,24435,KVITSØY,1144,Fluarholmen Ø
1299,16797,BØMLO,4613,Folderøyholmen
1232,21055,SULDAL,1134,Foldøy Ø
1299,11325,GRATANGEN,5516,Foldvik
1299,13958,STEINKJER,5006,Follafoss
1299,35597,SKJERVØY,5542,Follesøy
50,18155,STRANDA,1525,Fonnaneset
102,13626,TYSVÆR,1146,Fora (Land)
1299,16939,LØDINGEN,1851,Fornes
1299,10195,MOLDE,1506,Forneset
1299,37377,LEIRFJORD,1822,Forneset
201,17175,KVÆFJORD,1911,Forøy
1299,33697,HEIM,5055,Forrahammaren
1299,45098,IBESTAD,5514,Forså
1299,33217,STEIGEN,1848,Forsan
1299,19278,HAMARØY,1875,Forsåstorvika
305,19515,GILDESKÅL,1838,Forstranda
459,10880,VEVELSTAD,1816,Forvik
69,14315,ULLENSAKER,0235,Fosen
1299,11893,HJELMELAND,1133,Fosså
1299,12518,NORD-AURDAL,3451,Fossbråten
319,10121,SULDAL,1134,Fosse
69,13717,VESTRE SLIDRE,0543,Fossheim Gård
1299,38917,KRAGERØ,4014,Fossing
60,13896,RINGSAKER,0412,Fossum
1299,45053,FITJAR,4615,Fossvika
1299,10496,VÅGAN,1865,Framnes
1299,35778,FREDRIKSTAD,3107,Fredrikstad Innovasjonspark
1299,13140,LEBESBY,5624,Friarfjorden
1299,45073,MELØY,1837,Frosvika
1299,26935,SENJA,5530,Frovågneset
1299,45196,SMØLA,1573,Frøya
1299,45186,RINGEBU,3439,Frya
1299,45187,RINGEBU,3439,Frya II
1299,31437,SMØLA,1573,Fuglåsen
1299,10856,BRØNNØY,1813,Fugllielva
1299,19115,HITRA,5056,Fugløya
171,13167,AURE,1576,Fuglvåg
1299,11736,SOLUND,4636,Fureholmen S
452,22015,SOLUND,1412,Fureneset
1299,39917,BREMANGER,4648,Fureneset
1299,11814,FJALER,4646,Furevika
252,16555,JONDAL,1227,Furevikklubben
1299,13669,VESTNES,1535,Furneset
1299,13058,BJØRNAFJORDEN,4624,Fusavika
1299,10747,KARLSØY,5534,Futnes
1299,13874,ALVER,4631,Fyllingsnes S
1299,32517,FYRESDAL,4032,Gunnøyni S Fyresvatn
1299,39677,KINN,4602,Gaddholmen I
1299,39678,KINN,4602,Gaddholmen II
1299,45133,KINN,4602,Gaddholmen III
434,12891,GJEMNES,1557,Gagnat
1038,31657,SØMNA,1812,Galten
1299,38937,TRÆNA,1835,Galteneset
57,19035,STRANDA,1525,Galtevika
1299,31297,NARVIK,1806,Tortenneset
1299,11193,VESTVÅGØY,1860,Gamskjæran
1299,35537,UNJÁRGA - NESSEBY,5636,Gandvik
1299,12078,ULLENSVANG,4618,Gangdal
292,11798,VÅGSØY,1439,Gangsøy
54,12264,MIDSUND,1545,Gangstadbukta
966,12757,INDRE ØSTFOLD,3014,Gården Melleby
236,10851,ENGERDAL,0434,Gårdsbruket Skog
1299,11667,ØYGARDEN,4626,Gardskråneset
1299,10317,ASKVOLL,4645,Garvik
322,11986,VINDAFJORD,1160,Gåsevika Sjø
1299,39597,BINDAL,1811,Gåsflestaren
323,12396,FRØYA,1620,Gåsholmen
1299,38757,BØ I NORDLAND,1867,Gaukværøy
1299,13021,HUSTADVIKA,1579,Gaustad
474,34217,BRØNNØY,1813,Gaveln
1299,45047,RAUMA,1539,Geilbukta
1299,11198,VESTVÅGØY,1860,Geiterøya I
1299,26335,NÆRØYSUND,5060,Geitholmen
1299,31357,NÆRØYSUND,5060,Geitryggen
1299,10037,ØYGARDEN,4626,Giljeholmen
99,11520,BØMLO,1219,Giljevatnet Sø
1299,34357,ØKSNES,1868,Gisløy Nø
1299,39517,ØKSNES,1868,Gisløy Nv
1299,20897,ØKSNES,1868,Gisløy S
1299,11530,BØMLO,4613,Gissøysundet S
1299,11589,BØMLO,4613,Gjæravågen
1299,24315,ÅFJORD,5058,Gjæsingen
1299,19476,FJALER,4646,Gjelet
1190,24196,HITRA,5056,Gjelsøya
1299,45034,ØRLAND,5057,Gjemsøyskjæra
1299,13036,AUSTEVOLL,4625,Gjengane
1299,25695,ULSTEIN,1516,Gjerde
1299,33617,AURE,1576,Gjerde
1299,10324,BJØRNAFJORDEN,4624,Gjerdeviksflua
1299,12714,NÆRØYSUND,5060,Gjerdinga
1299,13852,VESTNES,1535,Gjermundnes
429,20276,VESTNES,1535,Gjermundnesholmene
1299,31717,HARAM,1580,Gjerset V
1299,11365,SENJA,5530,Gjervika
695,30797,DØNNA,1827,Gjesøya
87,12593,OSEN,1633,Gjevika
1299,11795,FJALER,4646,Gjølanger
324,17935,SOLUND,1412,Gjønnevåg
1299,37877,ASKVOLL,4645,Gjørøy Nord
1299,45065,ASKVOLL,4645,Gjørøy Nord II
1299,40337,GISKE,1532,Gjøsundneset
1299,11333,SENJA,5530,Jøvik
1299,12752,ÅFJORD,5058,Gjøvika
1299,10754,KARLSØY,5534,Glimbukta
1299,13188,MELØY,1837,Glomfjord I
1299,24016,MELØY,1837,Glomfjord II
1299,11127,MELØY,1837,Glomfjord III
1299,40297,KINN,4602,Gnarnesvika
1299,10044,BØMLO,4613,Goddosen
55,26736,BODØ,1804,Godøy
295,13642,LINDÅS,1263,Gongstøneset
1299,10859,BINDAL,1811,Gorrvika
1299,10734,GÁIVUOTNA - KÅFJORD - KAIVUONO,5540,Gourtesjouka
1299,45068,VESTVÅGØY,1860,Grænholmen
1299,10857,BRØNNØY,1813,Granholmen
1162,34617,SMØLA,1573,Gråøya
1299,32037,LURØY,1834,Grasholman
1299,11690,ALVER,4631,Grasholmen
1299,11907,SANDNES,1108,Gråtnes
1299,11657,GULEN,4635,Gråvika
1299,32917,IBESTAD,5514,Gregusvika
110,12049,FUSA,1241,Grimeneset
1299,11559,SVEIO,4612,Grimsholmen
246,13620,TYSVÆR,1146,Grindavatnet N
118,12167,LEIKANGER,1419,Grindsstrondi
1299,11771,FEDJE,4633,Grisholmsundet
186,13547,OSTERØY,1253,Grønebrekkane
84,14158,GULEN,1411,Grønholmen
1299,11459,KVITSØY,1144,Grøningen
1299,45099,NARVIK,1806,Grønnstranda
292,13807,MANDAL,1002,Grønnvika
1299,22296,GJEMNES,1557,Grønset
1299,45005,HAMMERFEST,5603,Grøtnes N
1299,12435,FRØYA,5014,Grøttingsøy
1299,29096,HADSEL,1866,Grøttøy
139,13856,HEMNE,1612,Grøtvågen
1299,45194,STORD,4614,Grunnavågen
1299,17177,BREMANGER,4648,Grunneneset
1299,45161,SØRREISA,5526,Grunnreis
1299,24615,KINN,4602,Grunnsøya
1299,14117,BØMLO,4613,Grutlefjorden
1299,38257,SENJA,5530,Gryllefjord
1299,10948,VEFSN,1824,Grytåga
1299,33597,FJALER,4646,Grytøyraholmen
1299,12265,ÅLESUND,1508,Gudmundset
1299,37597,FLEKKEFJORD,4207,Guleodden
1299,14035,SOLUND,4636,Guleskjeret
1299,10318,BREMANGER,4648,Gulestø
1299,24735,BJØRNAFJORDEN,4624,Gulholmen
258,12723,NÆRØY,1751,Gullholmen
1162,33357,SMØLA,1573,Gullklakken
1299,45226,ØRLAND,5057,Gullvika
201,12526,HVALER,0111,Gunilla
1299,12789,ORKLAND,5059,Gunnarøya
1299,32317,ASKVOLL,4645,Guriøyna
1281,45227,NORDKAPP,5620,Guvla
1299,37337,FJORD,1578,Gyljeneset
1299,39537,NAMSOS,5007,Gyltneset
240,11584,FITJAR,1222,Haapollen
1299,33757,FRØYA,5014,Håbranden
1299,29697,ORKLAND,5059,Hafsmo
1299,19995,AURE,1576,Hagahammaren
1299,22095,KVINNHERAD,4617,Hågardsneset
243,23575,HAREID,1517,Hagarsneset
1299,14747,BINDAL,1811,Hagasandvika
1299,16755,FITJAR,4615,Hageberg
1299,13949,SKJERVØY,5542,Hagebergan
115,12246,MIDSUND,1545,Hagebukta
1299,13744,NAMSOS,5007,Håkilen
1299,45199,ALTA,5601,Hallarnes
1299,13886,FRØYA,5014,Hallarøy V
1299,38777,HITRA,5056,Hallarvik
55,29396,BODØ,1804,Hallsteinhamn
1299,36737,BODØ,1804,Hallsteinhamn I
1299,11318,LØDINGEN,1851,Hallvardøy
1299,36937,SENJA,5530,Hallvardsøya
308,18175,SALTDAL,1840,Hals
1299,18639,TYSVÆR,1146,Halsavika
1299,12895,TINGVOLL,1560,Halsbukta
1299,35917,ALTA,5601,Halsen
512,14997,TVEDESTRAND,0914,Halsholmene
1299,38337,ØRLAND,5057,Halsøya
44,18995,AURE,1576,Haltvika
1299,18717,GILDESKÅL,1838,Hammarvika
1299,13592,STEIGEN,1848,Hammer
1299,13996,HAMMERFEST,5603,Hamnefjord
455,10783,NORDREISA,1942,Hamneidet
1299,45175,GISKE,1532,Hamnøya Sør
1299,38057,VEVELSTAD,1816,Hamnsundet I
242,12860,RAUMA,1539,Hamre
1299,31577,GLOPPEN,4650,Haneholmen
231,15475,LINDÅS,1263,Hanestraumen
429,31897,HITRA,1617,Håøya
1299,12011,TYSVÆR,1146,Håøya Nø
1299,38417,BØMLO,4613,Håpollen Aga
1299,36617,NÆRØYSUND,5060,Harbakholmen
1299,38217,GULEN,4635,Hardbakkeneset
1299,39217,SMØLA,1573,Hårkallbåen
1299,32817,HASVIK,5616,Hasvik
300,12799,BJUGN,1627,Hatlan
67,18055,MASFJORDEN,1266,Hatlekråa
1299,11643,HYLLESTAD,4637,Hatlem Ø
105,12194,SELJE,1441,Hatlenes
103,18495,KVINNHERAD,1224,Hatlestranda
1299,11511,BØMLO,4613,Hattasteinen
1038,37477,KRISTIANSAND,4204,Hattesteinen
1299,45094,KRISTIANSAND,4204,Hattesteinen
1299,45057,KRISTIANSAND,4204,Hattesteinen II
1299,10411,NÆRØYSUND,5060,Hattholmen
1299,26615,KVÆFJORD,5510,Haug
157,12708,LEKA,1755,Haugsflesa
1299,17695,AUSTEVOLL,4625,Haugsnesvåg
1299,13486,KINN,4602,Haukå
1299,13160,SOGNDAL,4640,Haukås
1299,36178,SKJERVØY,5542,Haukøya Ø
1299,30257,HEIM,5055,Hausan
1299,37137,LYNGDAL,4225,Hausvik
1299,37897,LYNGDAL,4225,Hausvik II
1299,45115,LYNGDAL,4225,Hausvik III
1299,17616,HAMMERFEST,5603,Havbrukstasjonen
1299,11740,ØYGARDEN,4626,Haverøy
1299,45223,AUSTEVOLL,4625,Håvikflu
1299,24035,BJØRNAFJORDEN,4624,Håvikvågen S
1299,36778,DØNNA,1827,Havstein Sør
1299,45076,ÅLESUND,1508,Havsteinen
420,13273,FLATANGER,1749,Havsteinsundet
1299,45095,FLATANGER,5049,Havsteinsundet
1299,30897,ØRLAND,5057,Havsundet
1288,12896,TINGVOLL,1560,Hegerbergtrøa
1299,12815,ÅFJORD,5058,Heggbærvika
1299,34497,TRONDHEIM,5001,Heggdalen
1299,45167,AVERØY,1554,Heggeset
1299,10425,BINDAL,1811,Heggvika
1299,13503,HITRA,5056,Heggvika
1299,13838,FJALER,4646,Hegnes
1299,39257,SOLUND,4636,Hegrenesvika
113,13237,OSTERØY,1253,Heimvik
608,32737,VESTVÅGØY,1860,Heldalen
1299,13782,HADSEL,1866,Helgeneshamn
1299,11969,STAVANGER,1103,Helgøy
1299,11783,ASKVOLL,4645,Hella
1299,11952,SULDAL,1134,Helland
488,36277,STORDAL,1526,Hellandbygget
1288,10194,MOLDE,1506,Hellaren
1299,11335,TJELDSUND,5512,Hellaren
1299,11315,STEIGEN,1848,Hellarvika
91,11898,FORSAND,1129,Helle
1299,45127,NÆRØYSUND,5060,Hellerflesa
118,13705,GULEN,1411,Hellersgrova
154,15836,KARMØY,1149,Hellevik S
1299,14679,BØ I NORDLAND,1867,Hellfjorden
1299,12590,NÆRØYSUND,5060,Helligholmen
1299,39997,BODØ,1804,Helligvær Ø
188,22235,BODØ,1804,Helligvika
45,14176,STEIGEN,1848,Helnessund
323,12398,HITRA,1617,Helsøya
1299,10204,AVERØY,1554,Hendneset
1299,27376,AVERØY,1554,Hendneset
133,11666,SOLUND,1412,Henrikholmen
258,13598,TROMSØ,1902,Henrikvika
1299,13157,ULLENSVANG,4618,Herand
1299,12165,SOGNDAL,4640,Hermansverk
1299,11920,VINDAFJORD,1160,Herøy
1299,12830,KRISTIANSAND,4204,Herøya V
1299,22596,STAVANGER,1103,Hesbygrunnen
447,21957,BALLANGEN,1854,Hesjeholmen
432,13235,KVINNHERAD,1224,Hessvik
1299,18015,TYSNES,4616,Hestabyneset
1299,13119,ALTA,5601,Hesten
1299,21235,KINN,4602,Hesteneset
1299,23635,ØYGARDEN,4626,Hestholmen
1299,13006,GILDESKÅL,1838,Hestholmen N
1299,14136,KVITSØY,1144,Hestholmen Ø
1299,26815,HERØY I NORDLAND,1818,Hestøy
294,11792,FLORA,1401,Hestøya
1162,34677,SMØLA,1573,Hestøya
1299,37277,ALSTAHAUG,1820,Hestøydraget
1299,45080,RØDØY,1836,Hestvik
1299,13582,NAMSOS,5007,Hestvika
1299,26955,VINDAFJORD,1160,Hettaneset
1299,33797,STRAND,1130,Hidlekjerringa
517,34017,HITRA,5013,Hilbåan
1299,31177,KVÆFJORD,5510,Hilderkleiva
1299,10300,SVEIO,4612,Hillersvik
305,11538,BØMLO,1219,Hillesøy
1299,11976,TYSVÆR,1146,Hinderåvåg
1299,10410,NÆRØYSUND,5060,Hindholmen
1299,12036,KVINNHERAD,4617,Hisdalen
1299,10291,BØMLO,4613,Hiskholmen
1299,13643,GULEN,4635,Hjartholm
1299,32417,AUSTEVOLL,4625,Hjartholmosen
1299,15655,NESNA,1828,Hjartøy N
1299,13931,STEIGEN,1848,Hjartøy Ø
1299,10808,KVÆNANGEN,5546,Hjellberget
423,10576,KVÆNANGEN,1943,Hjelnes
418,13166,MOLDE,1502,Hjelset
1299,13672,RAUMA,1539,Hjelvik
1299,37937,RAUMA,1539,Hjelvik II
1299,12483,SMØLA,1573,Hjortholman
440,31257,SMØLA,1573,Hjortholman 2
1299,35197,NÆRØYSUND,5060,Hjortøya
1299,45188,STAVANGER,1103,Hodne
1299,33957,FRØYA,5014,Hofsøya
1293,38097,STRAND,1130,Høgås
1299,10536,HARSTAD,5503,Høgholmen
203,13292,VESTVÅGØY,1860,Høgholmen
1299,12964,BOKN,1145,Hognaland
240,11679,BERGEN,1201,Høgskolen I Bergen
1299,12871,AVERØY,1554,Hogsnes
1299,30377,AVERØY,1554,Hogsneset N
130,12528,HVALER,0111,Høkeliholmen Ø
1299,45010,SORTLAND,1870,Holand
1299,17176,KVÆFJORD,5510,Holandselv
110,11953,FINNØY,1141,Hole
1299,11571,BØMLO,4613,Holevik
68,11503,FITJAR,1222,Holkahola
91,11518,BØMLO,1219,Hollandsholmen Ø
1299,45201,SORTLAND,1870,Holmen
1299,45191,PORSANGER - PORSÁŊGU - PORSANKI,5622,Holmfjord
1048,10656,PORSANGER - PORSÁ?GU - PORSANKI,5436,Holmfjord Sjøbruk
1299,45155,ÅLESUND,1508,Holmskallen
1299,13935,STEIGEN,1848,Holmvåg
1299,38357,SULA,1531,Holsneset
1299,10247,ÅFJORD,5058,Hommelvika
1299,12035,KVINNHERAD,4617,Hondskår
1299,12897,TINGVOLL,1560,Honnhammarvika
1299,12898,HEIM,5055,Hønsvikgulen
1299,10484,BODØ,1804,Hopen
1299,10385,LEVANGER,5037,Hopla
126,31417,MASFJORDEN,1266,Hopslia
1299,32757,AUSTEVOLL,4625,Horgefjorden
1299,37817,AUSTEVOLL,4625,Horgesund
126,14882,KVAM,1238,Horjona
129,12543,ELVERUM,0427,Horna
132,15623,ØKSNES,1868,Horndalen
1299,39637,ØKSNES,1868,Hornet
1299,10518,HAMARØY,1875,Horsvågen
1299,45075,ALSTAHAUG,1820,Horvnes
252,12571,RØROS,1640,Høsa Høstrøen Gård
1299,33218,ÅFJORD,5058,Hosenøyan
145,28056,SVEIO,1216,Hovdaholmen
1299,39437,KINN,4602,Hovden
1299,13337,LEBESBY,5624,Hovdenakken
251,21316,HØYANGER,1416,Hovdeurane
59,12888,NESSET,1543,Høvika
44,30457,SUNNDAL,1563,Hovsveien 9-11
102,10286,SØR-VARANGER,2030,Høybukt I Jarfjorden
1299,12890,GJEMNES,1557,Høybuvika
57,22836,VOLDA,1519,Høydalsneset Ø
1299,13784,ØKSNES,1868,Høydalsvika
235,23995,MÅSØY,2018,Høyholmen
1299,38657,LINDESNES,4205,Høylandskjæret
315,13231,KVINNHERAD,1224,Høylandssund
1299,45220,HEMNES,1832,Høyneset
1299,19939,KVINNHERAD,4617,Høysteinen
1299,11786,ASKVOLL,4645,Høyvika
1162,20995,KVAM,4622,Høyvika
102,14655,STORD,1221,Huglaneset
65,23736,STORD,1221,Huglaneset
1049,21715,SENJA,5421,Huken
1299,13509,NAMSOS,5007,Huken Hoddøy
1299,21516,HAMARØY,1875,Hulløyhamn Ø
305,12803,RISSA,1624,Hulu
1299,25235,NÆRØYSUND,5060,Humulen
1299,45038,HJELMELAND,1133,Hundaneset
1299,12023,KVINNHERAD,4617,Hundasvoskjeret
1299,10796,LOPPA,5614,Hundbergan
1299,32777,SENJA,5530,Hundbergan
130,12221,EID,1443,Hundeide
1299,27856,FAUSKE,1841,Hundholmen
198,17305,LYNGDAL,1032,Hundingsland Ø
453,11897,HJELMELAND,1133,Hundsnes
1222,39317,LEIRFJORD,1822,Hundsreva
1143,12410,HITRA,5056,Hundvatnet
1299,39477,STAD,4649,Hundvika Aust
1299,13532,SENJA,5530,Husastranda
1299,13333,NESNA,1828,Husby
1299,39377,KINN,4602,Husevågøy
1299,21016,HAMMERFEST,5603,Husfjord
1299,11313,LØDINGEN,1851,Hustadstranda
239,11356,TORSKEN,1928,Husvika
1299,12951,VEVELSTAD,1816,Husvika
69,15457,AUSTEVOLL,1244,Hyltropollen
1299,34397,GULEN,4635,Hyseneset
1299,11251,BØ I NORDLAND,1867,Hysjorda
1038,17855,KVINNHERAD,4617,Hyttevågen
1299,22415,BØMLO,4613,Hyttevika
1299,18936,VEGA,1815,Igerøy Ø
445,14297,TYSVÆR,1146,Iglamyr Kårstø
1299,27095,VINDAFJORD,1160,Ihlholmen
429,12397,FRØYA,1620,Ilsøya
1299,38997,FRØYA,5014,Ilsøya 2
1299,10240,HITRA,5056,Ilsøya Ø
1149,12115,VINDAFJORD,1160,Ilsvåg
1299,12116,VINDAFJORD,1160,Ilsvåg Land
1299,11954,SANDNES,1108,Ims II
1292,10114,SANDNES,1108,Ims IV
1299,13344,VINDAFJORD,1160,Imslandsjøen
1299,38617,HUSTADVIKA,1579,Indre Harøya
1299,40157,HUSTADVIKA,1579,Indre Harøya II
1299,10767,TROMSØ,5501,Indre Kårvik Land
1299,10768,TROMSØ,5501,Indre Kårvik I
1299,10769,TROMSØ,5501,Indre Kårvik II
69,25395,LURØY,1834,Indre Kvarøy
436,33057,ALTA,2012,Indre Lokkarfjord
273,31377,NORDKAPP,2019,Indre Mannskarvik
1299,13236,GULEN,4635,Indre Oppedal
1299,12599,OSEN,5020,Indre Skjervøy
1299,11957,SANDNES,1108,Indre Slettavikneset
1299,22776,BJØRNAFJORDEN,4624,Indrepollen
1299,11555,BERGEN,4601,Industrilab Hib
258,13189,GILDESKÅL,1838,Inndyr
1299,11405,SORTLAND,1870,Innerbrokløysa
1299,12634,FLATANGER,5049,Innernesset
1299,11296,HAMARØY,1875,Innhavet
1299,11508,BØMLO,4613,Innvær
1299,13654,GULEN,4635,Instefjord
95,10600,HERØY I NORDLAND,1818,Irsholmen
1299,12224,BREMANGER,4648,Isane
1299,24295,MELØY,1837,Isbergan
1299,45215,HAMMERFEST,5603,Iselva
1299,10864,BINDAL,1811,Isnaustet
1299,10876,BRØNNØY,1813,Istervika
1299,11743,ØYGARDEN,4626,Ivarsholmen  Ø
1299,11744,ØYGARDEN,4626,Ivarsholmen V
1299,14245,LEKA,5052,Jakobsteinsvika
1299,26535,FRØYA,5014,Jamnungen
1299,36137,IBESTAD,5514,Jekteberget
1299,19977,ÅFJORD,5058,Jektholmen
1299,11269,SØRFOLD,1845,Jektvika I
695,10885,SØMNA,1812,Jektvika II
264,31017,GJEMNES,1557,Jelkremsneset
53,16335,AUKRA,1547,Jendembukta
1299,27176,BØ I NORDLAND,1867,Jennskarbotn
1299,33197,HAMMERFEST,5603,Jernelva
1299,38877,NORDKAPP,5620,Jernøya
1299,26495,NARVIK,1806,Jevik
1299,11665,ALVER,4631,Jibbersholmane
477,10577,KVÆNANGEN,1943,Jøkelfjordeiet
1299,45237,SMØLA,1573,Jonskjæret
1299,30036,STAVANGER,1103,Jørstadskjera
450,38437,HITRA,5013,Jøsnøya
1299,25736,HAMARØY,1875,Josommarset
116,12457,AURE,1576,Jøssøya Ø
1299,17736,STAVANGER,1103,Judaberg
429,31537,FINNØY,1141,Judaberg II
1299,34977,LIERNE,5042,Jule II
322,18135,VINDAFJORD,1160,Jupevik
1299,14748,BINDAL,1811,Jupvik
1016,13783,ØKSNES,1868,Jurneset
1299,11225,ØKSNES,1868,Juvågen
1299,12260,MOLDE,1506,Juvika
294,29436,LEIRFJORD,1822,Juvika
1299,29656,SOLUND,4636,Juvika
1299,13242,BREMANGER,4648,Juvika B
1299,15657,SKJERVØY,5542,Kågen
1299,12348,HITRA,5056,Kåholmen
1299,18496,ULLENSVANG,4618,Kaland
1299,10427,NÆRØYSUND,5060,Kålåstranda
319,10511,ØKSNES,1868,Kaldhammaren Ø
1299,17255,GRIMSTAD,4202,Kaldvellfjorden
1299,13220,STRAND,1130,Kalhag
1299,12829,KRISTIANSAND,4204,Kalholmen
234,13795,BARDU,1922,Kallbekken Går
1299,37417,FRØYA,5014,Kallholmen
1299,22915,AUSTEVOLL,4625,Kalsøyflu
1299,28517,OSTERØY,4630,Kalvehagen
294,14535,LEKA,1755,Kalven/Jernsøya
79,11676,GULEN,1411,Kalveneset II
1299,34797,NÆRØYSUND,5060,Kalvhagan II
1299,27996,VÅGAN,1865,Kalvhodet
1299,36217,VEVELSTAD,1816,Kalvhylla
1299,29576,SØRFOLD,1845,Kalvik
1299,12371,HITRA,5056,Kalvøya
1299,15118,LURØY,1834,Kalvøya
1299,10087,ASKVOLL,4645,Kalvøya N
1263,31517,FRØYA,5014,Kamholmen
1299,10759,KARLSØY,5534,Karanes
1299,16516,KVITSØY,1144,Kåregrunnane Ø
1299,45104,FROSTA,5036,Karihove
1299,36817,BODØ,1804,Kariskjæret
291,23136,FUSA,1241,Karlhovden
268,13810,HOBØL,0138,Karlstad Hobøl
1299,10560,TROMSØ,5501,Kårvik
1299,31997,TROMSØ,5501,Kårvik I
1299,10804,KVÆNANGEN,5546,Karvika
1299,31757,IBESTAD,5514,Kasteberget
1299,16281,BØMLO,4613,Kastevika
69,21535,ØRSTA,1520,Kattaneset
1299,12872,KRISTIANSUND,1505,Kattholmen
1299,14042,FRØYA,5014,Kattholmen
1299,30437,FRØYA,5014,Kattholmen II
1299,16736,SKJERVØY,5542,Kåvika
1299,28976,ØYGARDEN,4626,Kelvesteinen
1299,13225,SULDAL,1134,Kilaneset
1299,31477,SULDAL,1134,Kilavågen Sjø
1299,11879,SULDAL,1134,Kilavågen Land
442,13279,VEVELSTAD,1816,Kilvågen Y
1299,45052,MELØY,1837,Kilvik
1299,13297,SØRFOLD,1845,Kines
1299,12660,NÆRØYSUND,5060,Kipholmen
1299,45168,HASVIK,5616,Kipparfjord
1299,31917,HAMMERFEST,5603,Kirkeneset
1299,13573,HEIM,5055,Kistvika
442,21179,LYNGDAL,1032,Kittelsnes
1299,12139,TYSNES,4616,Kjærefjord
1299,11493,FITJAR,4615,Kjærelva
1299,33158,FLATANGER,5049,Kjærsundet V
1299,11913,STAVANGER,1103,Kjeahola
1299,45093,ØYGARDEN,4626,Kjeholmen
1299,33577,FARSUND,4206,Kjeholmen II
46,12875,KRISTIANSUND,1505,Kjeipen
1299,23755,LOABÁK - LAVANGEN,5518,Kjeiprød
473,11173,VÅGAN,1865,Kjeldbergvika
459,13687,VIKNA,5050,Kjeldholmen
243,10720,SKJERVØY,1941,Kjellvågodden
1299,10409,NAMSOS,5007,Kjelneset
1299,15535,NORDREISA,5544,Kjempebakken
1299,38157,GULEN,4635,Kjeneset
1299,13009,VESTVÅGØY,1860,Kjeøya N
203,11207,VESTVÅGØY,1860,Kjeøya V
1299,11652,ALVER,4631,Kjeppevikholmen
1299,18275,STAVANGER,1103,Kjeringå
1299,36297,ASKVOLL,4645,Kjeringeholmen
1299,11112,GILDESKÅL,1838,Kjerkvika
198,17296,LYNGDAL,1032,Kjerringa N
198,17304,LYNGDAL,1032,Kjerringa S
1299,11689,GULEN,4635,Kjerringneset
1299,10949,ALSTAHAUG,1820,Kjerringskjæret Nø
1299,10951,ALSTAHAUG,1820,Kjerringskjæret Sv
313,31237,TYSFJORD,1850,Kjerrskjær
1299,12294,HARAM,1580,Kjerstad
1299,15338,HJELMELAND,1133,Kjeura
1299,12961,KRAGERØ,4014,Kjølebrønn
1299,45016,RØDØY,1836,Kjølsøyvær
525,18715,GILDESKÅL,1838,Kjølvika
1299,45037,GILDESKÅL,1838,Kjølvika I
313,25635,TYSFJORD,1850,Kjøpsneset Industriområde
1299,13084,ÅFJORD,5058,Kjørem
1299,12415,AURE,1576,Kjørsvikbugen
1299,26135,HEIM,5055,Kjørsvikgrunn
1299,27015,LOPPA,5614,Kjøsen
1299,32257,HARSTAD,5503,Kjøtta V
1299,32577,AUSTEVOLL,4625,Klammerholmen
1299,40377,BINDAL,1811,Klampvika N
465,10723,SKJERVØY,1941,Klauvnes
1299,15478,BRØNNØY,1813,Klavbekken
1299,24455,KINN,4602,Klavelandet
1299,11835,ASKVOLL,4645,Kleivaholmen
62,10363,NORD-AURDAL,0542,Kleivgard
1299,10828,HAMMERFEST,5603,Kleppenes N
1299,12215,GLOPPEN,4650,Kleppeneset
1158,32558,VÅGAN,1865,Kleppstad
772,10206,AVERØY,1554,Kleven
1299,36037,LEIRFJORD,1822,Klipen
1299,39297,SOLUND,4636,Klippenesvika
1299,29476,TROMSØ,5501,Klokkardalen
1299,10724,NORDREISA,5544,Klokkstein
1136,30697,SANDE I MØRE OG ROMSDAL,1514,Klovholmane
1299,39877,KRISTIANSUND,1505,Klovningen
1299,45137,RØDØY,1836,Klubban I
1299,10860,BINDAL,1811,Klubben
1299,11491,FITJAR,4615,Klubben
1299,12980,SOLUND,4636,Klubben
1299,19755,SØMNA,1812,Klubben
1299,33998,HASVIK,5616,Klubben
1299,45089,SENJA,5530,Klubben
108,19997,STORD,1221,Klubben I
119,19998,STORD,1221,Klubben II
461,11829,ASKVOLL,1428,Klubbenes
1299,10052,BØMLO,4613,Klubbeosen I
95,11582,BØMLO,1219,Klubbeosen II
273,10604,ALSTAHAUG,1820,Klubbholmen Ø
1042,20757,SVEIO,4612,Klubbøya
1299,13339,BØMLO,4613,Klungervikneset
1299,18755,NÆRØYSUND,5060,Klungset
1299,11534,BØMLO,4613,Klungsholmen
1299,13819,VINDAFJORD,1160,Klybbatårnet Ssø
1299,11763,ØYGARDEN,4626,Knappen
1299,13567,MASFJORDEN,4634,Knappen Solheim
117,12893,GJEMNES,1557,Knivskjeneset
1299,45117,FLATANGER,5049,Knubben
512,23395,TVEDESTRAND,0914,Knutsvik
1299,10113,STAVANGER,1103,Kobbavika
694,12133,KVINNHERAD,4617,Kobbebukta
235,23996,MÅSØY,2018,Kobbevikneset
1299,10882,BRØNNØY,1813,Kobbskjæret
1214,11509,BØMLO,4613,Kodlevågen
1299,32598,HAMMERFEST,5603,Kokelv
1299,13764,LURØY,1834,Kokvika
69,12487,GJØVIK,0502,Kolkinn
1299,38677,BINDAL,1811,Kollsvika
1299,11575,FITJAR,4615,Koløy N
1299,11201,VESTVÅGØY,1860,Kolvikodden Ø
1299,29557,HAMMERFEST,5603,Komagnes
1299,45100,BJØRNAFJORDEN,4624,Komfarholmen
48,10365,SØNDRE LAND,0536,Kompelia
59,13694,SVEIO,1216,Kongevikneset S
89,17755,ALTA,2012,Kongshus
1299,10265,HØYLANDET,5046,Kongsmoelva
118,12149,BALESTRAND,1418,Kongsnes
53,12225,VANYLVEN,1511,Koparnes
450,12841,RAUMA,1539,Kormeset
1299,12855,AVERØY,1554,Kornstad
694,14296,ARENDAL,4203,Korsen
1299,39837,SØR-VARANGER,5605,Korsfjorden
130,12529,HVALER,0111,Korshavn
1299,19195,HITRA,5056,Korsholman
1299,20316,HADSEL,1866,Korsnes
1299,36797,KARLSØY,5534,Korsnes
1299,10224,HEIM,5055,Korsneset
46,15815,HAREID,1517,Korsneset
1299,22675,SANDE I MØRE OG ROMSDAL,1514,Korsneset
1230,32097,HEIM,5055,Korsneset 2
96,19999,STORD,1221,Korsvika
1299,45002,LURØY,1834,Korsvika
1299,37617,BODØ,1804,Korten
51,29556,ALTA,2012,Kovholmen
259,20915,KVINNHERAD,1224,Krabbaneset
1299,11809,KINN,4602,Krabbestig
1299,30297,ÅFJORD,5058,Krabbholmen
1299,33177,ÅFJORD,5058,Krabbholmen II
456,13803,TROMSØ,1902,Kræmarvika
332,10585,KRISTIANSAND,1001,Kragevika
928,12476,SMØLA,1573,Kråka Nø
1299,34037,STEIGEN,1848,Kråkåsen
1299,16055,MÅSØY,5618,Kråkeberget
1299,10837,HAMMERFEST,5603,Kraken
1299,11719,SOLUND,4636,Kråkenes
117,13308,IBESTAD,1917,Kråkerø
1299,10614,ALTA,5601,Kråkevik
78,13551,BREMANGER,1438,Krakevika
1299,21676,FLATANGER,5049,Kråkholmen
1299,10764,TROMSØ,5501,Kraknes
1299,12239,AUKRA,1547,Kråknes
1299,34177,TROMSØ,5501,Kraknes II
1299,36997,TROMSØ,5501,Kraknes Sjø
1299,25935,ÅFJORD,5058,Kråkøy Slakteri
1299,12652,NÆRØYSUND,5060,Kråkøya
44,30016,AURE,1576,Kråkøya
1299,45171,NÆRØYSUND,5060,Kråkøyvågen
1299,45172,NÆRØYSUND,5060,Kråkøyvågen II
173,12936,RISØR,0901,Krana
256,25015,NÆRØY,1751,Krekkan
1299,28776,HUSTADVIKA,1579,Krekvikbogen
1299,14040,AUSTEVOLL,4625,Krigsholmen
1299,45070,MÅSØY,5618,Kristianneset
214,11444,BOKN,1145,Kroholmen N.
1299,11633,BØMLO,4613,Krossholmen
1199,11051,HATTFJELLDAL,1826,Krutåga
44,11157,FLAKSTAD,1859,Kubbholmen N
113,11831,FLORA,1401,Kubeta N
446,14681,VÅGAN,1865,Kunakken
1299,45048,VÅGAN,1865,Kunakken Alge
1299,13222,STAVANGER,1103,Kunes
324,22475,FINNØY,1141,Kunes Helgøy
1299,13595,SORTLAND,1870,Kuneset
1299,32518,GULEN,4635,Kuøyna
273,10923,ALSTAHAUG,1820,Kvalholmen Ø
1299,38897,ANDØY,1871,Kvalnes
1043,32657,BODØ,1804,Kvalnesbukta
1299,37697,BODØ,1804,Kvalnesbukta Alge
1299,18217,KARMØY,1149,Kvaløy Ø
1299,22775,NÆRØYSUND,5060,Kvaløya
1299,19356,FLATANGER,5049,Kvalrosskjæret
242,11863,FLEKKEFJORD,1004,Kvalsberget
1299,14243,LEIRFJORD,1822,Kvalvågen
1299,11074,RØDØY,1836,Kvalvika
297,13792,BERG,1929,Kvalvika I
1299,13501,FJALER,4646,Kvamen
771,13831,OSTERØY,4630,Kvamme
87,20539,ASKVOLL,1428,Kvammen
1299,12213,VOLDA,1577,Kvangardsnes
48,12499,RINGSAKER,0412,Kvannbekken
1299,20576,LOABÁK - LAVANGEN,5518,Kvanntoneset
48,13574,RINGSAKER,0412,Kvarstadsetra
1052,13963,STORD,4614,Kvarvaneset
456,11840,LYNGDAL,1032,Kvås
1299,21337,LURØY,1834,Kveitholmen
1299,35377,FRØYA,5014,Kveitskjeret
1299,15860,SENJA,5530,Kvenbukta V
1299,45180,STRAND,1130,Kvera
1299,33897,SOLUND,4636,Kverhella
1299,39197,SOLUND,4636,Kverhelleskjeret
107,12716,NÆRØY,1751,Kvernan
1235,32217,SVEIO,4612,Kvernaneset
241,11499,AUSTEVOLL,1244,Kvernavatnet
1299,10287,ØYGARDEN,4626,Kvernavika
1299,24975,TYSNES,4616,Kvernavika
130,12524,HVALER,0111,Kverndalen
328,10390,ÅMOT,0429,Kvernen Gård I
328,34157,ÅMOT,0429,Kvernen Gård II
1299,28196,NARVIK,1806,Kvernes
1299,11714,SOLUND,4636,Kvernhusvika
1299,13327,ØYGARDEN,4626,Kvernhusvika
87,10418,LEKA,1755,Kvernvika
1299,12686,NAMSOS,5007,Kvernvikvatnet
1299,10041,AUSTEVOLL,4625,Kviksholmen
1299,13482,MASFJORDEN,4634,Kvinge S
1299,36457,LEKA,5052,Kvingra
1299,35997,KVÆNANGEN,5546,Kviteberg
1299,13813,LEBESBY,5624,Kvitelv
1299,11775,ASKVOLL,4645,Kviteskjeret
1299,30216,SENJA,5530,Kvitfloget
1299,45129,SMØLA,1573,Kvitholmen
80,27696,SMØLA,1573,Kvitholmen 2
1299,39037,KRISTIANSUND,1505,Kvitingen Ved Grip
1299,10872,BRØNNØY,1813,Kvitneset
1149,12727,NÆRØYSUND,5060,Kvitneset
1299,35777,HERØY I NORDLAND,1818,Kvitskjæret
117,28616,GRATANGEN,1919,Kvitsteinvika
53,11196,VESTVÅGØY,1860,Kylpesnes I
1299,11803,FJALER,4646,Kyravika
1299,20595,AUSTEVOLL,4625,Kyrholmen S
1299,30076,NÆRØYSUND,5060,Kyrøyene
1299,13234,ULLENSVANG,4618,Kysnes
1299,34657,MASFJORDEN,4634,Laberget
241,25795,NESNA,1828,Labukta
1299,45136,NESNA,1828,Labukta
1299,10989,HERØY I NORDLAND,1818,Labukta V
1299,45193,GISKE,1532,Ladeberget 4
1299,38957,BOKN,1145,Låderskjera
95,26255,HAREID,1517,Lågåsen
1299,15460,NORDKAPP,5620,Laholmen
1299,12422,HITRA,5056,Laksåvatnet Laksåvik
1299,23035,TROMSØ,5501,Lakseklubbukta
1154,10080,ALVER,4631,Laksevika
329,20537,FOSNES,1748,Lakshammervika
420,21775,SØMNA,1812,Laksvika
1299,10898,BRØNNØY,1813,Lamholmen
109,12732,NÆRØY,1751,Lamholmen
1299,45195,FLATANGER,5049,Lamholmen
95,23355,ALSTAHAUG,1820,Lamholmskjæran
66,12333,SANDE I MØRE OG ROMSDAL,1514,Lammeneset
1299,12993,FRØYA,5014,Lamøya
1299,40097,HAMARØY,1875,Lamøystraumen
1299,12667,NAMSOS,5007,Landfallvika
1299,39357,VÅGAN,1865,Landfastøya
128,25455,TYSNES,1223,Landrøypynten
1299,34317,GRIMSTAD,4202,Landvik
1299,34457,KARLSØY,5534,Langås
1299,11928,STAVANGER,1103,Langavika
69,13502,ØYSTRE SLIDRE,0544,Langedalsbrua
86,15216,FLORA,1401,Langeneset II
130,13601,HVALER,0111,Langenesholmen
1299,11791,KINN,4602,Langeråa
119,20000,STORD,1221,Langeskjer
1299,16497,BØMLO,4613,Langevågen
1299,11116,GILDESKÅL,1838,Langholmen
1299,11625,ØYGARDEN,4626,Langholmen
1299,12834,LILLESAND,4215,Langholmen
1047,24715,STAVANGER,1103,Langholmen
1299,34637,HADSEL,1866,Langholmen N
1299,26876,HADSEL,1866,Langneset
1299,45154,KARLSØY,5534,Langneset
1299,11767,SOLUND,4636,Langøy
1299,26295,ALVER,4631,Langøy
1299,38597,FRØYA,5014,Langøy Sør
1299,45081,HERØY I NORDLAND,1818,Langøya
1299,12380,FRØYA,5014,Langøya Kvaløya
512,13002,HERØY I NORDLAND,1818,Langøya Nnv
203,11209,VESTVÅGØY,1860,Langøya Nø II
1299,11238,ØKSNES,1868,Langøyhovden
1299,13055,TYSVÆR,1146,Langøyna Ø
1038,45009,NESNA,1828,Langsetvågen
1299,45118,NESNA,1828,Langsetvågen
1299,20559,FRØYA,5014,Langskjæra
1299,33557,FRØYA,5014,Langskjæra II
1299,28036,GILDESKÅL,1838,Langskjæran
1299,10598,BRØNNØY,1813,Langskjæret Ø
1299,12822,STJØRDAL,5035,Langstein
53,11077,RØDØY,1836,Langstrandgalten
1299,45236,FRØYA,5014,Langtaren
240,11558,BERGEN,1201,Lars Hillesgt 34
90,10705,LYNGEN,1938,Larsbergbukta
1299,37297,KARLSØY,5534,Larstangen
216,30798,ØKSNES,1868,Lassetangen
1299,38377,HEMNES,1832,Lassevika I
247,13697,VINDAFJORD,1160,Lasvik
1299,15957,UNJÁRGA - NESSEBY,5636,Latvika
1299,45124,ASKVOLL,4645,Laukelandsøyna
47,22695,AURE,1576,Laukholmen
606,25735,HAMARØY,1875,Signaluokta
1299,45185,FLATANGER,5049,Laukøya
436,28476,SKJERVØY,1941,Lauksund Kai
1299,11438,BOKN,1145,Lauplandsholmen
83,20736,HAREID,1517,Laupsneset
1299,33777,UNJÁRGA - NESSEBY,5636,Lausklubben
1299,45122,HARAM,1580,Lausund
1299,39277,HYLLESTAD,4637,Lauvholmgrunnen
67,11672,SOLUND,1412,Lauvika
260,10467,HATTFJELLDAL,1826,Lauvlia
260,11052,HATTFJELLDAL,1826,Lauvlia Nv I
260,13122,HATTFJELLDAL,1826,Lauvlia Nv II
167,17275,ASKØY,1247,Lauvøy Sø
1299,38977,ÅFJORD,5058,Lauvøya
1299,12623,FLATANGER,5049,Lauvsnes
1299,19355,STAVANGER,1103,Låva
93,11327,GRATANGEN,1919,Lavik
1299,10869,BRØNNØY,1813,Lavika
1299,11350,SENJA,5530,Lavika
438,12416,AURE,1576,Leddalsvatn
1299,13340,GULEN,4635,Leiholmane
1299,10246,ØRLAND,5057,Leikvangbukta Land
443,12744,BJUGN,5017,Leikvangbukta Sjø
1299,45233,SENJA,5530,Leikvika
60,13085,ALVDAL,0438,Leirdiket
1299,26675,LURØY,1834,Leirholmen
1299,38117,GULEN,4635,Leirøyna
1299,30857,GILDESKÅL,1838,Leirvik
1299,13699,MASFJORDEN,4634,Leirvika
1299,12683,NAMSOS,5007,Leirvikholmen
1299,12870,AVERØY,1554,Leite
1299,19098,FAUSKE,1841,Leivsethamran
164,12701,LEKA,1755,Lekafjorden
1299,34257,LEKA,5052,Lekafjorden II
135,13012,TRANØY,1927,Lekangsund
1299,23056,SENJA,5530,Lekangsund II
1299,19738,BINDAL,1811,Lekvika
1299,14086,BØMLO,4613,Lelandsholmen
69,11562,OS I HORDALAND,1243,Lendevika
1299,13742,NAMSOS,5007,Lennavika
1299,13906,NAMSOS,5007,Lennavika
1299,13179,ORKLAND,5059,Lensvik
238,10120,FORSAND,1129,Lerangsvågen
1299,11927,SANDNES,1108,Lerangsvågen Land
1299,35977,RØDØY,1836,Lian
1299,11745,SOLUND,4636,Lianeset
1299,45088,SVEIO,4612,Liereid
240,13632,SVEIO,1216,Liervatnet
1299,10990,DØNNA,1827,Lille Åsvær
1299,36497,LØDINGEN,1851,Lille Djupfest
1299,10840,ALTA,5601,Lille Kufjord
1299,13317,ALTA,5601,Lille Kvalfjord
1299,10262,NÆRØYSUND,5060,Lille Kvitholmen
79,11202,VESTVÅGØY,1860,Lille Moholmen Ø
79,10489,VESTVÅGØY,1860,Lille Moholmen V
233,19835,VIKNA,1750,Lille Sandholm
436,10823,LOPPA,2014,Lille Skognes
1299,12392,HITRA,5056,Lille Torsøy
1050,29056,HITRA,5056,Lille Torsøy II
1299,11411,HADSEL,1866,Lilleelv
125,31977,DYRØY,1926,Lilleng
1299,28396,TYSNES,4616,Lindarholmen
1299,12212,GLOPPEN,4650,Lindeneset
110,15040,LINDÅS,1263,Lindetoneset
82,10258,FLATANGER,1749,Lindøya
1299,12966,VINDAFJORD,1160,Lindvik
695,12934,RISØR,4201,Lindvika
442,29996,RØDØY,1836,Linesvika
1299,45044,RØDØY,1836,Linesvika
1299,45066,KVAM,4622,Lingaholmane
1299,14076,BRØNNØY,1813,Lismåsøy
1299,45217,FARSUND,4206,Lista Fly- Og Næringspark
1299,35317,DYRØY,5528,Litjevika
103,14126,STORD,1221,Litlaneset
86,26115,AUSTEVOLL,1244,Litle Flatøy
1299,14039,AUSTEVOLL,4625,Litle Lunnøy
1299,11410,SORTLAND,1870,Litleøya
1299,13876,OSTERØY,4630,Litletveitholane
79,27616,GULEN,1411,Litlevik
47,27195,BØ I NORDLAND,1867,Litløy
1299,12022,KVAM,4622,Ljonesbjørgene
1299,12079,KVAM,4622,Ljonesvågen
1299,11671,ØYGARDEN,4626,Ljøsnes
1299,14435,ØYGARDEN,4626,Ljøsøy N
1299,28996,SVEIO,4612,Loddetå
1299,12342,VESTRE SLIDRE,3452,Lofoss Mølle
1299,35837,HUSTADVIKA,1579,Løken Gård
1299,12341,VESTRE SLIDRE,3452,Lomen Slidrefjorden
273,31378,NORDKAPP,2019,Lomholet
1299,12719,NÆRØYSUND,5060,Lonet I Naustbukta
1299,40137,ØRLAND,5057,Lønngrunnen
1299,12141,BJØRNAFJORDEN,4624,Lønningdal II
1299,14556,BJØRNAFJORDEN,4624,Lønningdal III
1299,16216,ØKSNES,1868,Lønskog
1299,12545,ÅMOT,3422,Løpet
1299,16796,TYDAL,5033,Løvøya
207,11887,SULDAL,1134,Lovraeidet
1299,33277,LURØY,1834,Lovund Smolt
1299,13549,BREMANGER,4648,Løypingneset
1299,36757,KARLSØY,5534,Lubben
773,12530,RAKKESTAD,3016,Lund
98,26275,LURØY,1834,Lunderøy
98,10963,LURØY,1834,Lunderøy V
1299,45110,FARSUND,4206,Lundevågen
76,12974,AUSTEVOLL,1244,Lunnøy Sø
181,27075,AUSTEVOLL,1244,Lunnøykalven
1299,45235,FJALER,4646,Lutelandet
1299,14043,RAUMA,1539,Lybergsvika
1299,10292,BØMLO,4613,Lyklingholmen N
1299,45206,SOLUND,4636,Lyngholmane
207,12231,VANYLVEN,1511,Lyngholmen
1299,12978,GULEN,4635,Lyngholmen
1299,33337,BJØRNAFJORDEN,4624,Lyngnes
1299,32057,NÆRØYSUND,5060,Lyngøy
1299,45146,HARSTAD,5503,Lyngøya
44,30237,SMØLA,1573,Lyngprakken
1299,45229,RØDØY,1836,Lyngvær
1299,12385,FRØYA,5014,Lyngvær Ø II
46,26036,FLATANGER,1749,Lyngværet I
1299,45024,STAVANGER,1103,Lyregrunnen
1299,12633,FLATANGER,5049,Lyrnesset
1299,45096,KVÆFJORD,5510,Lysålandet
1299,45132,GRAN,3446,Lysentangen
1299,12127,KVINNHERAD,4617,Mælen
293,14682,LØDINGEN,1851,Mågen
1299,35477,FLATANGER,5049,Makrellskjæret
1299,37537,HERØY I MØRE OG ROMSDAL,1515,Måløysundet
149,12331,SANDE I MØRE OG ROMSDAL,1514,Maltvika
1299,10232,FRØYA,5014,Mannbruholmen
1299,12370,FRØYA,5014,Måøydraga
1299,12134,KVINNHERAD,4617,Maradalen
1299,32977,HØYANGER,4638,Måren
694,28358,AUSTEVOLL,4625,Marholmen
1299,36577,BERGEN,4601,Marineholmen Forskingspark
1299,13550,BREMANGER,4648,Marøy Nø
1299,10611,LOPPA,5614,Marøya
1299,13685,NÆRØYSUND,5060,Marøya
1144,15516,LEBESBY,5438,Mårøyfjord
291,10093,FLORA,1401,Marøysundet
1299,11810,KINN,4602,Marøysundet II
1299,11807,KINN,4602,Marøytåa
1299,10814,ALTA,5601,Mårsanjarga
81,20397,ALTA,2012,Mårsanjarga V
1299,13139,STEIGEN,1848,Martnesvika
200,11901,SULDAL,1134,Marvik
1299,34437,FRØYA,5014,Måsskjæra
1073,22555,ÅFJORD,5058,Masterholman
121,31037,ROAN,1632,Masterholman II
1299,15315,SØRFOLD,1845,Mastermovika II
1299,40257,HEMNES,1832,Mastervika
1299,10137,BJØRNAFJORDEN,4624,Matland
1299,21915,FITJAR,4615,Matløyso
93,12151,MASFJORDEN,1266,Matreberget
1299,10156,MASFJORDEN,4634,Matredal
1299,36117,SØRFOLD,1845,Matvika
437,28556,FRØYA,5014,Mausund
1299,38517,LURØY,1834,Måvær
264,22795,AVERØY,1554,Meek
1299,10447,ALSTAHAUG,1820,Mefaldskjæret
1299,13477,RANDABERG,1127,Mekjarvik
1299,31637,HERØY I NORDLAND,1818,Melkøya
231,12150,VAKSDAL,1251,Melledalssundet
1299,28956,MELØY,1837,Meløysjøen
1299,45230,HASVIK,5616,Meltefjord
1299,10492,VESTVÅGØY,1860,Meøypollen
1299,12904,MOLDE,1506,Merraberget
265,26975,MIDSUND,1545,Midsundbukta
1299,21397,GILDESKÅL,1838,Midt Femris
1299,13541,TYSNES,4616,Midtflua
1299,45200,STAD,4649,Midthjell
1299,18336,HØYANGER,4638,Midtneset
292,18659,SVEIO,1216,Midtvikøy
233,11428,DYRØY,1926,Mikkelbostad
1299,34277,BØ I NORDLAND,1867,Mikkelsøya
43,10506,BØ I NORDLAND,1867,Mikkelsøya Ø
112,19155,NESODDEN,0216,Mikkelstrand
1163,29596,NORDKAPP,5435,Misjona
1276,10078,GULEN,4635,Mjånes
1299,12047,BJØRNAFJORDEN,4624,Mjåneset
1299,11899,BJERKREIM,1114,Mjåvatnet
1244,11653,GULEN,4635,Mjølbærvika
167,10129,HJELMELAND,1133,Mjølhus
1299,26435,HØYANGER,4638,Mjølsvik
55,26735,BODØ,1804,Mjønes
1299,36257,KARLSØY,5534,Mjønes
1299,37057,IBESTAD,5514,Mjøsund Vest
1299,11064,RANA,1833,Svabo
1222,11066,RANA,1833,Mo Industripark
1299,11067,RANA,1833,Mo Industripark
1222,11065,RANA,1833,Mo Industripark II
695,13808,RISØR,4201,Moensskåt
1299,34877,LURØY,1834,Moflaget
1299,34057,DYRØY,5528,Mohamn
244,15635,BØ I NORDLAND,1867,Møkland
1299,34237,FYRESDAL,4032,Molandsmoen
1299,11772,FEDJE,4633,Moldøyosen
1299,12737,ORKLAND,5059,Moldtua
1299,13293,VÅGAN,1865,Molgavlen
434,33837,BINDAL,1811,Møllebogen
1299,36077,HARSTAD,5503,Mollvika
1299,11220,FLAKSTAD,1859,Mølnarodden
1183,12107,ETNE,4611,Molnes
1299,12325,HERØY I MØRE OG ROMSDAL,1515,Moltustranda
1299,45177,ALVER,4631,Mongstad
1299,10382,ÅFJORD,5058,Møriholmen
1299,36377,AVERØY,1554,Mork II
208,12751,ÅFJORD,1630,Morkafjorden
1299,10483,BODØ,1804,Mørkvedbukta
155,14080,BODØ,1804,Mørkvedbukta
1299,15520,BODØ,1804,Mørkvedbukta S
1299,10877,BRØNNØY,1813,Mortenøy
1299,10794,ALTA,5601,Mortensnes
1299,29516,VESTVÅGØY,1860,Mortsund
192,12105,ETNE,1211,Mortveitvatn
1299,12505,SØNDRE LAND,3447,Moshagen
1299,30157,SØRFOLD,1845,Movik
1299,33657,LURØY,1834,Movikodden N
1299,35277,NARVIK,1806,Mulbukt
1299,45004,STEIGEN,1848,Mulen
1299,10858,BINDAL,1811,Mulingen
1299,35617,GILDESKÅL,1838,Mulnesodden
1076,45028,GILDESKÅL,1838,Mulnesodden S
1299,13629,TYSVÆR,1146,Munkholmen
1299,36877,FRØYA,5014,Munkskjæra
1052,10671,HAMMERFEST,5406,Munningen Av Kokelva
1299,27215,VESTNES,1535,Myrane
235,15355,MÅSØY,2018,Myrfjord
1299,11332,GRATANGEN,5516,Myrlandshaug
214,13053,FINNØY,1141,Nådå
1299,33997,HASVIK,5616,Næringsbukta
1299,29957,LYNGDAL,4225,Nakkestad
1299,11864,FLEKKEFJORD,4207,Napp
1299,10303,BØMLO,4613,Nappeholmane
152,12612,ROAN,1632,Naustholman
1299,10978,LURØY,1834,Naustholmen
118,11709,GULEN,1411,Naustholmen
1299,20475,LURØY,1834,Naustholmen Ø
1299,10213,GJEMNES,1557,Naustneset
1299,34477,OSEN,5020,Nausttaren
1214,11510,BØMLO,4613,Naustvika
1299,25717,BOKN,1145,Nautøya
1299,13221,STAVANGER,1103,Nautvik
132,15624,ØKSNES,1868,Navarsborneset S
1299,11611,AUSTEVOLL,4625,Naveide
1299,24937,KVINNHERAD,4617,Nebbo
1299,13716,VESTRE SLIDRE,3452,Nedre Hande
1299,10513,SØRFOLD,1845,Nedre Kvarv
1299,29796,BÅTSFJORD,5632,Neptunbruket
1299,10362,ÅS,3218,Nmbu Fiskelaboratoriet
1299,13178,ORKLAND,5059,Nernesset
1131,13965,ALVER,4631,Nesbø Gjeldsvik
414,13539,TYSVÆR,1146,Neset
1299,17576,GULEN,4635,Nesevågen
1299,11682,ALVER,4631,Nesfossen
76,10301,FITJAR,1222,Nesholmen
1299,45203,NESODDEN,3212,Nesoddtangen
75,12774,ALVDAL,0438,Nestebymoen
198,11117,GILDESKÅL,1838,Nestskjæret N
1299,10765,TROMSØ,5501,Nfh Bygg
1299,45145,ÅS,3218,Nmbu Veterinærhøgskolen
1299,15659,KVÆNANGEN,5546,Nøklan
1299,10364,NORD-AURDAL,3451,Noraker Gård
1299,11041,HERØY I NORDLAND,1818,Nord Gåsvær
1299,10375,ORKLAND,5059,Nord Leksa
46,12249,MIDSUND,1545,Nord-Heggdal
1299,23816,NESNA,1828,Nordbotnet
59,31197,TYSFJORD,1850,Nordbukt
1299,13713,KINN,4602,Norddal
1299,14495,STAVANGER,1103,Nordeimsøyna
1299,45014,STEIGEN,1848,Nordfoldleira I
1299,11129,GILDESKÅL,1838,Nordfugløy
1299,26315,NÆRØYSUND,5060,Nordgjæslingan
1299,12474,AURE,1576,Nordheim
1299,10791,ALTA,5601,Nordnes
1299,31597,BERGEN,4601,Nordnes
1142,45105,BERGEN,4601,Nordnes 1
1299,40357,HAMMERFEST,5603,Nordnesbukta
1299,45207,ALSTAHAUG,1820,Nordneset
106,11729,SOLUND,1412,Nordpollen
514,24436,KVITSØY,1144,Nordre Hestholmen S
1299,38277,OSEN,5020,Nordre Skokkeløy
69,12540,ELVERUM,0427,Nordset
1299,45140,RØDØY,1836,Nordskaftet
1299,19457,FRØYA,5014,Nordskag
457,10039,FJELL,1246,Nordvika
82,18575,FLATANGER,1749,Nordvika
1299,35257,UTSIRA,1151,Nordvikvågen
1299,33937,SMØLA,1573,Nørholmen
207,30617,ÅLESUND,1504,Nørvevika
1299,10388,HALDEN,3101,Nøsterød Gård
238,14135,FINNØY,1141,Notaholmen Øsø
1143,12649,ÅFJORD,5058,Nunfjord
1299,11213,FLAKSTAD,1859,Nusfjord
1269,45018,MOLDE,1506,Ny-Hellaren
292,27456,OSTERØY,1253,Nye Bruvik
1299,35897,ULLENSVANG,4618,Nye Hessvik
1299,33297,DØNNA,1827,Nye Skorpa
1299,13020,SAMNANGER,4623,Nygård
1299,21355,STEIGEN,1848,Nygård
327,12548,ÅMOT,0429,Nygårdsmoen
1299,13940,ØKSNES,1868,Nyksund
98,12122,FUSA,1241,Nymark
1299,11063,HEMNES,1832,Nymoen
68,10394,ÅMOT,0429,Nysæther
1299,12110,BJØRNAFJORDEN,4624,Nystølen
1299,24495,BJØRNAFJORDEN,4624,Nystølvågen
1299,34537,BJØRNAFJORDEN,4624,Nystølvågen II
1299,11921,STRAND,1130,Oanes Land
1299,11922,STRAND,1130,Oanes Sjø
1299,27055,KINN,4602,Oddane
138,15595,NÆRØY,1751,Oddneset
1299,11168,VÅGAN,1865,Oddværsætra
305,12801,RISSA,1624,Ofaret
1299,34757,BØMLO,4613,Øklandsvåg II
1299,11537,BØMLO,4613,Øklandsvågen
416,19739,ØRSTA,1520,Øksavika
1299,37077,BINDAL,1811,Oksbåsen
1299,10181,GISKE,1532,Oksebåsen V
1299,31697,ØYGARDEN,4626,Oksen
1299,11272,SALTDAL,1840,Øksengård
1299,30559,AUSTRHEIM,4632,Øksneset
218,13614,SANDNES,1102,Øksnevad I
1299,14019,BINDAL,1811,Øksningen
1299,11320,STEIGEN,1848,Oksøy
1299,34377,KRISTIANSAND,4204,Oksøy
1299,36597,NAMSOS,5007,Oksskardvika
1299,10795,LOPPA,5614,Olaneset
1299,33737,FRØYA,5014,Olausskjæret
1299,12745,ØRLAND,5057,Olden
1299,27876,SØMNA,1812,Olderbakken
1299,10790,HAMMERFEST,5603,Olderfjord
1299,12020,KVINNHERAD,4617,Olderhola
1299,15403,SOLUND,4636,Olderøy
1299,22995,GILDESKÅL,1838,Oldervik
1299,12746,ØRLAND,5057,Oldøya
1299,10380,ØRLAND,5057,Oldøya N
1299,45222,MELØY,1837,Olhåksaøya
207,12676,FOSNES,1748,Ølhammaren
58,13602,HAMMERFEST,2004,Olnasbukta
1299,38797,FRØYA,5014,Oløya N
298,34337,MOSKENES,1874,Olstind
1299,11908,GJESDAL,1122,Oltesvik
1299,28676,LURØY,1834,Olvika
1299,12071,SULDAL,1134,Ommundsteigen
1299,12383,HITRA,5056,Omsøyholman
1299,10323,TYSNES,4616,Onarheim
1299,39977,TYSNES,4616,Onarheim II
1299,10136,TYSNES,4616,Onarøy
106,17516,ØYGARDEN,1259,Ono
1299,45228,ØYGARDEN,4626,Ono
1299,15777,GJEMNES,1557,Onsøyholmen
172,16215,ØKSNES,1868,Oppmyrbogen
1164,45026,ØKSNES,1868,Oppmyrbogen
1049,10197,STRANDA,1525,Opshaugvik
1038,18356,STRANDA,1525,Opshaugvik Land
1299,19875,KRISTIANSUND,1505,Or
1299,33917,MELØY,1837,Øren
1299,39937,AUKRA,1547,Orholmen
1299,12919,HUSTADVIKA,1579,Ørjavik
256,12769,ALVDAL,0438,Orklebekkdammen
1299,17235,LURØY,1834,Ørnes
1299,30518,SENJA,5530,Ørnfjordbotn
1299,45077,HAMARØY,1875,Ørnhaugneset
1299,12394,FRØYA,5014,Ørnøya
1299,24696,FRØYA,5014,Ørnøya II
527,11088,RØDØY,1836,Ørnstolen
1299,37317,VÅGAN,1865,Ørsnes
1299,33817,KRISTIANSUND,1505,Orstranda
1299,35757,HØYANGER,4638,Ortnevik
128,10474,RANA,1833,Ørtvatn
1299,13181,NÆRØYSUND,5060,Osavatnet
1152,13888,HITRA,5056,Osholmen
1299,12180,HØYANGER,4638,Osland II
1299,12179,HØYANGER,4638,Oslandsurda
1299,12096,BJØRNAFJORDEN,4624,Ospenes
1299,19655,ALVER,4631,Ospeneset
1299,10050,BØMLO,4613,Ospøy Ø
154,15835,KARMØY,1149,Østhus
1299,13691,SØR-VARANGER,5605,Oterfjorden
53,11004,HERØY I NORDLAND,1818,Oterholman Sø
1299,13959,NÆRØYSUND,5060,Oterholmen
1299,11205,VESTVÅGØY,1860,Oterholmen I
1299,31397,HARSTAD,5503,Oterneset
1299,13345,BJØRNAFJORDEN,4624,Oterstegdalen
1299,40117,BINDAL,1811,Otervika
1299,11738,ALVER,4631,Otterholmen
1299,13554,STRANDA,1525,Overåneset
1168,20315,STRANDA,1525,Overåneset V
1299,11378,HARSTAD,5503,Øvergården
242,13565,LINDÅS,1263,Øvreås
1299,19975,GILDESKÅL,1838,Øya
450,20015,AURE,1576,Øyabukta
1299,13153,KVINESDAL,4227,Øye
1040,39337,KVINESDAL,4227,Øye II
1299,12032,KVINNHERAD,4617,Øyerhamn
439,11164,VÅGAN,1865,Øyhellsundet
288,11677,OSTERØY,1253,Øyjordsvika
327,13536,RISØR,0901,Øymoen
1299,34697,LEBESBY,5624,Øyra
607,13600,RISØR,4201,Øystrand
1299,26835,FRØYA,5014,Pålskjæra
1299,10062,ØYGARDEN,4626,Parisvatnet
1299,33417,ØRLAND,5057,Persflua
292,18257,RENNESØY,1142,Persholmen
139,18475,BREMANGER,1438,Pervika
1299,33517,MÅSØY,5618,Petternes
1299,11854,FLEKKEFJORD,4207,Pinnen
1038,12569,RØROS,5025,Pinsti
1299,36437,VÅGAN,1865,Pollan
1299,10841,ALTA,5601,Pollen
521,13786,SORTLAND,1870,Pollneset
1299,18255,ØYGARDEN,4626,Porsvika
1299,11688,HYLLESTAD,4637,Portevika
1135,19175,GULEN,4635,Pøyla
1299,11972,STAVANGER,1103,Prestholmane
191,29676,VÅGAN,1865,Pundslett
1163,19556,NARVIK,1806,Pundsvik
1299,45060,NARVIK,1806,Pundsvik I
1299,45198,NÆRØYSUND,5060,Purkholmen
53,21520,SØRFOLD,1845,Purkvika
148,12253,MIDSUND,1545,Ræstad
1299,33037,MOLDE,1506,Ræstad II
1299,10149,ETNE,4611,Rafdal
1299,30637,HAMARØY,1875,Rahkasluokta
1299,10806,KVÆNANGEN,5546,Rakkenes
442,10873,BRØNNØY,1813,Råkneset
109,11039,HERØY I NORDLAND,1818,Raltholmen V
121,27836,BRØNNØY,1813,Ramnbergvikan
1299,45029,DØNNA,1827,Ramnøya N
773,10996,DØNNA,1827,Ramnøya S
695,13953,RISØR,4201,Ramskjær
113,24675,FLORA,1401,Ramsøy
1299,11651,ASKØY,4627,Ramsøy S
1299,13581,NÆRØYSUND,5060,Ramstadholmen
1299,11687,ALVER,4631,Ramsvik
1299,45114,HUSTADVIKA,1579,Ramsvikneset
103,22016,HURUM,0628,Ramvikholmen
81,23196,LILLESAND,0926,Randvik
1299,12811,ÅFJORD,5058,Rånes Mindebukta
1299,39897,FROSTA,5036,Ranskjæret Frosta Sør
1299,12366,FRØYA,5014,Raskjæret
1299,28636,FRØYA,5014,Rataren
1299,31959,FRØYA,5014,Rataren II
1299,31958,ÅFJORD,5058,Ratvika
445,30817,OSEN,5020,Raudøya
62,29657,SØGNE,1018,Rauna
322,23935,VINDAFJORD,1160,Raunes I
322,24017,VINDAFJORD,1160,Raunes II
1299,13867,SVEIO,4612,Raunevågen
1299,12406,HITRA,5056,Rauodden
1299,32997,VÅGAN,1865,Raven
1050,18095,GUOVDAGEAIDNU - KAUTOKEINO,5430,Reinslakteriet
1299,33477,SORTLAND,1870,Reinsnesøya
1299,31777,SØRFOLD,1845,Reinvika
1299,29116,SMØLA,1573,Reiråklakken
1299,12842,RAUMA,1539,Reistad
180,13789,SALANGEN,1923,Reite
1299,13887,HITRA,5056,Reitholmen
1299,37097,FLEKKEFJORD,4207,Rekevika
448,17120,SELJE,1441,Rekevika II
1299,10086,ALVER,4631,Rekeviki
1299,45020,STAD,4649,Rekvika
134,13286,LURØY,1834,Reløyhamn
1299,11072,MELØY,1837,Rendalsvik
114,29456,RØDØY,1836,Renga N
1299,22796,RØDØY,1836,Renga S
156,11049,LIERNE,1738,Rengen/Østborg
1299,17357,STAVANGER,1103,Rennaren
1299,29896,HEIM,5055,Renndalen
1299,10893,TRÆNA,1835,Rensøya N
1299,34097,RØDØY,1836,Reppen
1299,30657,LYNGDAL,4225,Revøy
1299,37737,TYSNES,4616,Rexstar
1299,18000,TINGVOLL,1560,Rimstad
89,24235,TINGVOLL,1560,Rimstad Sjø
1299,27395,AUKRA,1547,Rindarøy
1299,12784,HITRA,5056,Ringholmen
1299,11964,TYSVÆR,1146,Ringja
1299,14795,LØDINGEN,1851,Rinøyvåg Ø
415,11702,GULEN,1411,Risholmen
1299,12832,LILLESAND,4215,Risholmen
96,10293,BØMLO,1219,Risøy Ø
1299,36697,ØYGARDEN,4626,Risøyna
1299,21495,NÆRØYSUND,5060,Risværgalten
1299,21176,HAMARØY,1875,Risvik
1299,10822,ALTA,5601,Rivarbukt
1299,36957,TINN,4026,Rjukan I
1299,36977,TINN,4026,Rjukan II
1299,10381,Indre Fosen,5054,Rødberg
240,13619,VÅGSØY,1439,Rødhjelle I
240,13618,VÅGSØY,1439,Rødhjelle II
1222,39057,ALSTAHAUG,1820,Rødøya
1042,20756,SVEIO,4612,Rødspollen
1299,13804,TROMSØ,5501,Rogndalen
1299,12281,HARAM,1580,Rogne
79,19800,HARAM,1534,Rogneleira
522,37997,BJUGN,5017,Rognsteinan
1299,45079,ØRLAND,5057,Rognsteinan
1299,16895,BØMLO,4613,Rogøysund
440,12867,AVERØY,1554,Rokset
59,18695,ULVIK,1233,Rondestveit
121,27596,SYKKYLVEN,1528,Røneset
1299,45128,SYKKYLVEN,1528,Røneset
1299,29276,ØYGARDEN,4626,Rongøy
1299,35157,ØYGARDEN,4626,Rongøyna II
1299,35177,ØYGARDEN,4626,Rongøyna III
69,10393,ENGERDAL,0434,Rønningen
1299,12209,VOLDA,1577,Rønstad
1299,14855,SØR-VARANGER,5605,Ropelv
1286,39397,VEGA,1815,Rørskjæran S
463,19517,ØYGARDEN,1259,Rorsundet N
1299,45030,GULEN,4635,Rørvikneset I
1299,45031,GULEN,4635,Rørvikneset II
1299,45063,RØDØY,1836,Rosøy
1299,12018,KVAM,4622,Rossholmen
1299,12003,STAVANGER,1103,Rossholmen N
1299,45151,AUSTEVOLL,4625,Rossmunholmen
442,12126,KVINNHERAD,1224,Rossnes
1299,11122,GILDESKÅL,1838,Røssøya N
53,11125,GILDESKÅL,1838,Røssøya V
93,14262,HAMARØY,1849,Røsvik
443,10475,MELØY,1837,Rotholmen
607,11883,SULDAL,1134,Rotnes
1299,11770,ØYGARDEN,4626,Rotøy
95,21956,AURE,1576,Rotøyholman S
121,12911,TINGVOLL,1560,Røttingsnes
435,11430,SALANGEN,1923,Rotvik
1299,31097,SALANGEN,5522,Rotvika
1299,38717,HAUGESUND,1106,Røvær
1299,10412,NAMSOS,5007,Røyklibotn
1299,12298,GISKE,1532,Røysa
1299,11431,SENJA,5530,Rubbestad
308,13553,SOGNDAL,1420,Rudsviki
62,13265,HITRA,1617,Ruggelskjæra
1299,37197,FRØYA,5014,Ruggstein
1299,13612,STAD,4649,Rundreimstranda
1299,12821,INDERØY,5053,Rundhaugen
1299,45042,LURØY,1834,Rundholman I
1299,12794,ØRLAND,5057,Rundklumpen
1299,16015,NORDREISA,5544,Russelva
463,16875,NAUSTDAL,1433,Russenes
235,31057,AURE,1576,Russholmen
1161,13335,GJESDAL,1122,Selvikstakk
1299,37037,SIRDAL,4228,Rutlebekk
418,15519,TRYSIL,0428,Ruud
1299,10076,ALVER,4631,Rylandsvåg
331,12962,FINNØY,1141,Rygjabø
110,30277,SUNNDAL,1563,Rykkjem
192,11817,BREMANGER,1438,Ryland
1299,45190,HAMMERFEST,5603,Rypefjord
460,17056,LEBESBY,2022,Rypøya
121,27837,BRØNNØY,1813,Rysteinvika
1299,13681,NÆRØYSUND,5060,Ryumsjøen Reipholmen
93,10222,AURE,1576,Sæterbukta
1299,35737,BRØNNØY,1813,Sæterosen
1299,13131,HATTFJELLDAL,1826,Sæterstad Gård
1299,12639,OSEN,5020,Sætran
1299,12190,GULEN,4635,Sætre
1299,13671,VESTNES,1535,Sætre
1299,10141,BJØRNAFJORDEN,4624,Sævareid
527,11619,BØMLO,4613,Sæverudsøy
84,14515,BERGEN,1201,Saganeset
69,12931,RE,0716,Sagbekken
1299,45015,KVINESDAL,4227,Sagebukta
1299,12813,Indre Fosen,5054,Sagelva
1299,13249,ØRSTA,1520,Sagelva
1299,15235,OSTERØY,4630,Sagelva
1299,12131,SAMNANGER,4623,Sagen
1299,32137,SAMNANGER,4623,Sagen 2
1299,13183,BINDAL,1811,Saglifossen
1299,12460,AURE,1576,Sagosen
1299,28216,STORD,4614,Sagvåg
1299,10328,KVAM,4622,Sagvik
1299,30957,HAMARØY,1875,Salaluokta
1299,13597,SALANGEN,5522,Salangslia
1299,36357,SALANGEN,5522,Salangsverket
1299,34857,FRØYA,5014,Salatskjæra
1299,13180,NÆRØYSUND,5060,Salsbruket
1299,13740,NAMSOS,5007,Saltbuodden
234,13516,TROMSØ,1902,Saltholmen
1299,12973,KVAM,4622,Saltkjelen I
1299,12019,ULLENSVANG,4618,Saltkjelen II
1206,13748,NAMSOS,5007,Saltkjelvika
81,25955,AUSTEVOLL,1244,Saltkjerholmane
314,34517,STJØRDAL,1714,Saltøya Ø
1299,45211,SOLUND,4636,Saltskår
167,18437,SOLUND,1412,Saltskår IV
1299,45210,SOLUND,4636,Saltskår S
1038,29736,STAVANGER,1103,Saltskjer
76,13650,OSTERØY,1253,Saltverket
1299,28516,OSTERØY,4630,Saltverket
1299,11856,FLEKKEFJORD,4207,Salvågvika
235,10215,TINGVOLL,1560,Samuelsberga
1299,11413,ØKSNES,1868,Sandan Sø
1299,45139,NÆRØYSUND,5060,Sandbukta
1299,10170,GLOPPEN,4650,Sande
1299,45208,BÅTSFJORD,5632,Sandfjordneset
154,15402,VINDAFJORD,1160,Sandhamar S
1299,20096,VESTVÅGØY,1860,Sandholman
1299,31677,AUKRA,1547,Sandholmane
1299,39237,KINN,4602,Sandkvia
1299,13296,HADSEL,1866,Sandnes Ø
1299,12884,MOLDE,1506,Sandnesbukta
1299,36477,SKJERVØY,5542,Sandøra
130,12527,HVALER,0111,Sandøy
1299,35417,STEIGEN,1848,Sandøya
46,12995,ROAN,1632,Sandøya II Ø
1299,19135,ÅFJORD,5058,Sandøya III
1299,45173,MELØY,1837,Sandøyan
1299,45013,SØMNA,1812,Sandskjæret
928,11888,SULDAL,1134,Sandvik
1299,28416,VAKSDAL,4628,Sandvik
306,10914,BINDAL,1811,Sandvika
1299,13243,VOLDA,1577,Sandvika
260,24416,KVINNHERAD,1224,Sandvika
1299,15462,NORDKAPP,5620,Sarnes
1299,13035,AUSTEVOLL,4625,Sauaneset I
1299,16195,AUSTEVOLL,4625,Sauaneset II
1299,11758,ØYGARDEN,4626,Sauøy
1180,13641,ALVER,4631,Sauvågen Hjelmås
1047,33317,HAMMERFEST,5406,Segelnes
1299,19855,AURE,1576,Segelråa
208,29976,ALSTAHAUG,1820,Segelsøy
1299,17015,KVINNHERAD,4617,Seglberget
1263,34597,FRØYA,5014,Seiballskjæret
96,13141,NORDKAPP,2019,Seibukta
1299,10398,ÅFJORD,5058,Seiskjæra
1299,37857,HERØY I NORDLAND,1818,Seiskjæret
1299,45069,SOLUND,4636,Seiskjeret
1299,13706,KINN,4602,Seljeset
97,14837,SOLUND,1412,Seljeskorvikane
107,10420,NÆRØY,1751,Selliset
1299,45225,RØDØY,1836,Selsøy
1299,45051,RØDØY,1836,Selsøya
1299,36517,RØDØY,1836,Selsøyvær
192,18876,SUND,1245,Selstøvåg
1299,45064,ØYGARDEN,4626,Selstøvågen
249,12695,NÆRØY,1751,Selvågen
1299,14244,LEIRFJORD,1822,Selvågen
165,10027,KARMØY,1149,Selvlandsvik
323,12390,HITRA,1617,Sengsholmen
1299,30877,TROMSØ,5501,Sessøya
1299,12844,MOLDE,1506,Seterneset
1299,12244,MOLDE,1506,Setevika
1299,33017,MOLDE,1506,Setevika N
1299,45219,SORTLAND,1870,Sigerfjorden
1299,12235,VANYLVEN,1511,Sighaug
1299,11593,FITJAR,4615,Siglo S
1299,39577,KINN,4602,Silda
291,10070,SOLUND,1412,Simmarøy
1299,24115,HITRA,5056,Singsholmen
1299,40277,HÅ,1119,Sirevåg
1299,13530,ØKSNES,1868,Sjåneset
1299,12917,SUNNDAL,1563,Sjølseng
1299,12892,GJEMNES,1557,Sjølsvik
1299,18898,OSTERØY,4630,Skaftå
231,12186,OSTERØY,1253,Skaftå II
1299,20515,ØYGARDEN,4626,Skaganeset
1299,11540,BØMLO,4613,Skålevik
1299,12819,INDERØY,5053,Skalnestangen V
1299,11138,MELØY,1837,Skålsvika
165,26755,MELØY,1837,Skålsvika 2
1299,11636,ØYGARDEN,4626,Skålvik
252,28256,TYSNES,1223,Skår
238,21436,FINNØY,1141,Skarabergvågen
1042,13821,TYSNES,4616,Skåravågen
1299,20796,VESTNES,1535,Skarbukta
1299,13192,GÁIVUOTNA - KÅFJORD - KAIVUONO,5540,Skardalen
1299,10550,GRATANGEN,5516,Skardbergvika
1299,10216,HEIM,5055,Skåren
1299,32357,SKJERVØY,5542,Skaret
69,12827,SØR-ODAL,0419,Skårilldammen
1299,34137,SENJA,5530,Skårliodden
121,12206,VOLDA,1519,Skarsteinane
47,14984,BØ I NORDLAND,1867,Skårvågen
1299,11357,SENJA,5530,Skarvberget
60,13898,OS I HEDEMARK,0441,Skarvenget
106,20597,ØYGARDEN,1259,Skarveskjæret
1299,31457,SKJERVØY,5542,Skarvestein
1299,16255,SØR-VARANGER,5605,Skarvfjell
1299,45050,ALSTAHAUG,1820,Skarvhammaren
1299,21795,LØDINGEN,1851,Skarvhausen
442,14976,ALSTAHAUG,1820,Skarvøy Nv
1299,35437,HITRA,5056,Skarvøya
1299,37517,HERØY I MØRE OG ROMSDAL,1515,Skarvskjæret
169,12066,FUSA,1241,Skåtavågen
1299,34117,BJØRNAFJORDEN,4624,Skåtholmen
1299,19635,BØ I NORDLAND,1867,Skatleia
121,27135,GILDESKÅL,1838,Skaugvolløya
1299,28856,GILDESKÅL,1838,Skauholmen
1299,22315,BJØRNAFJORDEN,4624,Skavhella
1299,10868,BRØNNØY,1813,Skavika
198,13916,NESNA,1828,Skeivstadøya
1299,12048,BJØRNAFJORDEN,4624,Skiftesneset N
177,10327,FUSA,1241,Skiftesneset S
252,26738,FINNØY,1141,Skiftesvika
1299,11966,VINDAFJORD,1160,Skigelstrand
1299,10660,MÅSØY,5618,Skinnstakkvika
1299,39757,AUSTEVOLL,4625,Skiparvika
1299,11861,FLEKKEFJORD,4207,Skipningsdalen
1299,39657,BREMANGER,4648,Skipperdalsneset
203,16615,BODØ,1804,Skitneset
460,13326,TROMSØ,1902,Skittenelv
1299,39497,TROMSØ,5501,Skittenelv II
1299,45067,DYRØY,5528,Skjæret Sør
1299,11334,GRATANGEN,5516,Skjærvika
72,13315,LOPPA,2014,Skjåneset
443,26196,BRØNNØY,1813,Skjåvikodden
519,38817,BRØNNØY,1813,Skjåvikodden I
77,10042,SUND,1245,Skjelevik
1299,36179,AUSTEVOLL,4625,Skjelevika
1299,40317,AUSTEVOLL,4625,Skjelevika1
1299,36177,HARSTAD,5503,Skjellesvika
1299,45176,KRISTIANSUND,1505,Skjellingen
1299,36537,GILDESKÅL,1838,Skjellvik
1299,45109,FRØYA,5014,Skjelvika
177,12211,GLOPPEN,1445,Skjerdal
437,22195,FRØYA,5014,Skjerdingen
1299,20115,ØYGARDEN,4626,Skjerholmen N
1299,39417,NAMSOS,5007,Skjerpøyskjæra
1299,12158,SOGNDAL,4640,Skjersnes
1299,12159,SOGNDAL,4640,Skjersnes I
1299,27737,SKJERVØY,5542,Skjervøy
1299,33097,SKJERVØY,5542,Skjervøy V
1299,37797,FJORD,1578,Skjortneset II
1299,30757,SENJA,5530,Skog
1299,30117,SKJERVØY,5542,Skognes
1299,12042,BJØRNAFJORDEN,4624,Skogseidvatnet
1299,27956,BJØRNAFJORDEN,4624,Skogseidvatnet II
1299,28796,BJØRNAFJORDEN,4624,Skogseidvatnet III
1299,13531,DYRØY,5528,Skogshamn
1299,33157,VEGA,1815,Skogsholmen
1299,25315,FRØYA,5014,Skogsøya
460,17055,LEBESBY,2022,Skogvik
1299,37397,LEIRFJORD,1822,Skogvika I
499,11646,MASFJORDEN,1266,Skolmosen
1299,28296,KVÆFJORD,5510,Skommesvik
1299,10961,VEFSN,1824,Skonseng
1299,13177,HEIM,5055,Skorilla
1299,11737,GULEN,4635,Skorpa
232,10971,DØNNA,1827,Skorpa V
1299,11640,ØYGARDEN,4626,Skorpeosen
68,27676,FLORA,1401,Skorpetangen
1299,25896,TYSNES,4616,Skorpo
1299,32877,BJØRNAFJORDEN,4624,Skorpo
1299,12108,KVINNHERAD,4617,Skorpo Nv
1299,13739,NAMSOS,5007,Skorstad
1299,12192,ASKVOLL,4645,Skorva
1299,16515,KVITSØY,1144,Skota Ø
1299,45120,KVINNHERAD,4617,Skotberget
76,12080,KVINNHERAD,1224,Skottebergvika
1251,23695,STRANDA,1525,Skotungneset
1299,11326,DYRØY,5528,Skøyen
1299,38577,SOLUND,4636,Skreda
212,16160,BALSFJORD,1933,Skredan
1299,18657,HYLLESTAD,4637,Skredstivik
1299,12705,LEKA,5052,Skrosen
96,13538,BÅTSFJORD,2028,Skrovnes I
96,13815,BÅTSFJORD,2028,Skrovnes Y
1299,30997,NÆRØYSUND,5060,Skrubbholmen
1299,31117,BJØRNAFJORDEN,4624,Skrubbo
1299,15236,TROMSØ,5501,Skulgambukt
52,11317,HAMARØY,1849,Skutvik Havn
69,12539,ELVERUM,0427,Skybakkgrenda
1299,11273,FAUSKE,1841,Skysselvika V
1299,45062,EVENES,1853,Slaggen
1299,30777,HØYANGER,4638,Slantevika
1299,14676,DØNNA,1827,Slapøya N
1299,28096,KVINNHERAD,4617,Slåttenes
1299,45045,ALSTAHAUG,1820,Slåtterøya
1299,26155,HEIM,5055,Slåttholmen
455,28316,ÅFJORD,5018,Slåttøya
1299,13000,BRØNNØY,1813,Slåttvika
511,11811,FLORA,1401,Slettevika
1299,45174,LUND,1112,Slettevoll
1299,24456,FRØYA,5014,Slettholmene
1299,30417,KVÆNANGEN,5546,Slettneset
1299,10838,HAMMERFEST,5603,Slettnesfjord
1299,20815,ØRSTA,1520,Slettvika
1299,12712,LEKA,5052,Slokkholmen Ø
1299,45231,LURØY,1834,Slønga
1299,32237,LOPPA,5614,Sloppegrunn
95,16557,ALSTAHAUG,1820,Slotterøy Sø
1299,45092,ÅFJORD,5058,Smælingen
1299,39797,NÆRØYSUND,5060,Småholman
109,14235,DØNNA,1827,Småholman Sv
1299,11939,STAVANGER,1103,Smal Skar
327,13724,SNILLFJORD,1613,Småskjæra
1299,35337,TROMSØ,5501,Småvær
103,11329,GRATANGEN,1919,Småvik
1299,40037,TYSVÆR,1146,Smedholmen
1299,45125,AVERØY,1554,Smedvågen
1299,45126,AVERØY,1554,Smedvågen II
1299,29356,NAMSOS,5007,Smineset N
1299,12154,MASFJORDEN,4634,Smørdalen
322,23975,TYSVÆR,1146,Smørdalsvika
1299,45008,BREMANGER,4648,Smørhamn
1299,36197,BREMANGER,4648,Smørhamn II
1299,13128,ELVERUM,3420,Snippen
167,11718,SOLUND,1412,Søkinga
319,11959,STRAND,1130,Solbakk
106,12959,SØNDRE LAND,0536,Solbakken
1299,10173,FROGN,3214,Solbergstrand
1299,27476,KARLSØY,5534,Solheim
445,13627,TYSVÆR,1146,Søllesvik N
1299,11605,FITJAR,4615,Soløy Ø
1299,13291,FLAKSTAD,1859,Soløya
1299,38477,AURE,1576,Solskjeløya
1299,27436,SMØLA,1573,Solværet
1181,13668,LUSTER,4644,Solvorn
1299,13032,BØMLO,4613,Sølvøyane
1299,45143,SMØLA,1573,Sølvskjæret
1299,10276,ALTA,5601,Sommarbukt
455,19915,SKJERVØY,1941,Sommerfjøssletta
1299,45218,SAUDA,1135,Sønnåhamn
512,14285,TVEDESTRAND,0914,Sønningen
1299,38297,HERØY I NORDLAND,1818,Sør Gåsvær
1299,12177,HØYANGER,4638,Sørebø
1299,39557,GULEN,4635,Sørestrand
1299,23375,HØYANGER,4638,Sørevik
1299,13946,DYRØY,5528,Sørfjorden
1299,31837,SØRFOLD,1845,Sørfjorden Stamfiskanlegg
1299,25295,VÆRØY,1857,Sørlandsbukta
1299,26355,VÆRØY,1857,Sørlandsvika 2
1299,15375,FRØYA,5014,Sørøyflesa
69,12542,ELVERUM,0427,Sørskogbygda
1299,35318,DYRØY,5528,Sortevika
1299,39697,BODØ,1804,Sørvær Øst
1299,36017,HERØY I NORDLAND,1818,Sørværet
1299,10040,FITJAR,4615,Sørvik
1299,13936,HADSEL,1866,Sørvika
494,13915,VIKNA,5050,Sørvikvågen
1299,11615,FITJAR,4615,Spannsholmen
1299,13865,SØR-VARANGER,5605,Spergittklubben
95,20518,ØKSNES,1868,Spira
154,21218,TYSVÆR,1146,Spissøy Nø
108,11692,LINDÅS,1263,Spjotøy
47,13890,HEMNE,1612,Sponlandet
1299,38177,ÅLESUND,1508,Sponvikfluna
1299,34297,TJELDSUND,5512,Stabben
1299,10435,VEVELSTAD,1816,Stakkvika
243,10061,ØYGARDEN,1259,Staksvåg
1299,11596,AUSTEVOLL,4625,Ståløy
43,19399,STORDAL,1526,Stamnesbugen
1299,12278,ØRSTA,1520,Standal Y
1299,28896,RØDØY,1836,Stangholmen
1299,40017,HAMMERFEST,5603,Stangnes
1299,45046,NÆRØYSUND,5060,Stasøya
59,12743,BJUGN,1627,Stefføya
1299,34558,AUSTEVOLL,4625,Stegavåg
1299,15396,ASKVOLL,4645,Steiehalsen
1299,32697,HADSEL,1866,Steilo
87,23115,NÆRØY,1751,Steinan
502,35217,NÆRØY,5051,Steinan II
1299,30537,LEKA,5052,Steinflesa
44,30056,AURE,1576,Steinholmen
1299,34557,AUSTEVOLL,4625,Steinneset
512,14995,TVEDESTRAND,0914,Steinsøya
1299,12222,VOLDA,1577,Steinsvik
1299,13708,KINN,4602,Steinvik
1299,10825,LOPPA,5614,Steinviknes
1299,11263,SALTDAL,1840,Steppan
1230,37577,NÆRØYSUND,5060,Stevika
269,10736,LYNGEN,1938,Stigen
1299,13290,GILDESKÅL,1838,Stigvika
1299,11525,AUSTEVOLL,4625,Stille S
412,15395,FJALER,1429,Stivika
95,15135,ØKSNES,1868,Stø
1299,31217,VEVELSTAD,1816,Stokkasjøen
412,11486,BØMLO,1219,Stokkavik
1299,12233,STAD,4649,Stokkeneset
1299,12329,SANDE I MØRE OG ROMSDAL,1514,Stokkset
1299,19015,HEIM,5055,Stokkvika
1299,11649,ALVER,4631,Stolane
607,12965,TYSVÆR,1146,Stølsvik
695,12933,RISØR,4201,Stomber
1299,45102,RISØR,4201,Stombu Øst
1299,45103,RISØR,4201,Stombu Vest
108,12702,NÆRØY,1751,Stor-Hestvika
109,13583,VIKNA,1750,Stor-Ravnholmen
60,12629,FLATANGER,1749,Storbrandholmen
74,12377,FRØYA,1620,Storbrannøya
506,10574,SKJERVØY,1941,Storbukt
1299,15956,SØR-VARANGER,5605,Storbukt
1299,45147,NORDKAPP,5620,Storbukt
1299,10417,NÆRØYSUND,5060,Storbukta
460,17057,LEBESBY,2022,Store Brattholmen
1299,10974,LURØY,1834,Store Bukkøy N
1299,36099,MÅSØY,5618,Store Kobbøy
1299,10839,ALTA,5601,Store Kufjord
1299,10281,ALTA,5601,Store Kvalfjord
1299,10789,ALTA,5601,Store Lerresfjord
1299,11971,SANDNES,1108,Store Teistholmen Ø
1299,19519,AUSTEVOLL,4625,Storebø
1299,45214,AUSTEVOLL,4625,Storebø II
241,11496,AUSTEVOLL,1244,Storebøvågen Ø
1299,11788,KINN,4602,Storekrok I
1299,12986,ØRSTA,1520,Storelva
1299,30217,SKJERVØY,5542,Storelva
1299,10741,STORFJORD - OMASVUOTNA - OMASVUONO,5538,Storelva Elvevollen
1299,11426,SENJA,5530,Storelva I Berg
1299,11700,GULEN,4635,Storeneset
87,19840,SULA,1531,Storevalen
1299,13206,SOLUND,4636,Storevatn
508,13842,FLORA,1401,Storevatnet
1299,13568,ASKVOLL,4645,Storevik
1299,35817,BODØ,1804,Storevika
1299,11492,FITJAR,4615,Storevikholmen
1299,13593,VÅGAN,1865,Storfjell
1299,45189,FRØYA,5014,Storflua
136,10336,LINDÅS,1263,Storgjel
159,12430,FRØYA,1620,Storhallaren
1299,24535,ALTA,5601,Storholmen
47,10985,DØNNA,1827,Storlauvøya V
1299,10311,HYLLESTAD,4637,Storlia
1299,11290,HAMARØY,1875,Stormneset
69,12773,ALVDAL,0438,Stormoen
1299,45086,KVÆFJORD,5510,Stormulen
1299,20776,ASKØY,4627,Storoksen
203,13011,IBESTAD,1917,Storoldran
422,11301,LØDINGEN,1851,Storøy Nv
1299,13204,SVEIO,4612,Storøy Ø
1299,11298,LØDINGEN,1851,Storøya Nø
1299,38017,STEIGEN,1848,Storskjæret
1299,31338,AURE,1576,Storskjeret
1299,19016,HITRA,5056,Storskogøya
1299,13566,ALVER,4631,Storskrebukti
44,23315,LYNGEN,1938,Storsteinnes
1299,10436,VEVELSTAD,1816,Storsteinsvika
1299,40237,HEMNES,1832,Storsteinvika
1299,13124,RØDØY,1836,Storstrompan
289,10875,VEVELSTAD,1816,Storurdvika
1166,10231,AURE,1576,Storvik
1299,13316,LOPPA,5614,Storvik
99,12434,AURE,1576,Storvika
1299,13125,MELØY,1837,Storvika
93,14260,HAMARØY,1849,Storvika
59,15037,LINDÅS,1263,Storvika
1299,15461,NORDKAPP,5620,Storvika
274,21517,SØRFOLD,1845,Storvika
1299,22335,HUSTADVIKA,1579,Storvika
1299,32397,BODØ,1804,Storvika I Skjerstadfjorden
1299,10552,SALANGEN,5522,Storvika III
233,13944,DYRØY,1926,Storvika IV
1299,23055,DYRØY,5528,Storvika V
1299,10421,NÆRØYSUND,5060,Storvikbukta
1299,45166,NESNA,1828,Storvikneset
207,21955,VOLDA,1519,Støylen
1299,45197,VOLDA,1577,Støylen
416,11858,FLEKKEFJORD,1004,Støytland
60,13175,ALVDAL,0438,Strålsjøåsen
1299,12536,HVALER,3110,Strand
1299,36897,STRAND,1130,Strand Vgs
108,13608,HYLLESTAD,1413,Stranda
327,13892,HITRA,1617,Strandabukta
1299,10753,KARLSØY,5534,Strandmo
115,11710,GULEN,1411,Straume
59,15036,LINDÅS,1263,Straumen
1299,33857,Indre Fosen,5054,Straumen
501,37257,ÅFJORD,5018,Straumen
1299,45055,ÅFJORD,5058,Straumen
469,12809,INDRE FOSEN,5054,Straumen I Botnen
1299,12081,ULLENSVANG,4618,Straumneset
1299,45178,BØ I NORDLAND,1867,Straumsjøen
99,11521,BØMLO,1219,Straumsvika
1299,22435,HADSEL,1866,Stretarneset
1299,11175,VÅGAN,1865,Strømnes Skole
1299,11648,ASKØY,4627,Strømsnes
139,10599,BRØNNØY,1813,Strumpvika
161,11341,SKÅNLAND,1913,Strupebukta Sør
1299,26235,SVEIO,4612,Stualand
1299,11552,ØYGARDEN,4626,Stuholmen
442,11206,VESTVÅGØY,1860,Styrvollholmen
330,11483,HAUGESUND,1106,Suggevågen
1299,36100,SMØLA,1573,Suholmen
1299,12075,KVINNHERAD,4617,Sundal
1299,19396,KVINNHERAD,4617,Sunde
300,12741,BJUGN,1627,Sundsetskjæra
1299,29316,GILDESKÅL,1838,Sundsfjord
1214,35457,GILDESKÅL,1838,Sundsfjord II
1299,29376,DØNNA,1827,Sundsøy
1299,23735,ÅFJORD,5058,Sunnskjør
1299,12672,NAMSOS,5007,Survik
1299,39717,NÆRØYSUND,5060,Svaberget
247,20538,VINDAFJORD,1160,Svalland
1299,39617,SMØLA,1573,Svanøya
154,20895,TYSVÆR,1146,Svartaberget
1299,18775,NAMSOS,5007,Svartåsen
486,10798,KVÆNANGEN,1943,Svartberget
1299,45000,KVÆNANGEN,5546,Svartberget
466,10163,SOGNDAL,1420,Svarteberget
463,12229,BREMANGER,1438,Svartekari
1299,45084,BREMANGER,4648,Svartekari
1299,11748,ØYGARDEN,4626,Svartevika
1299,11312,STEIGEN,1848,Svartfjell
421,10378,BJUGN,1627,Svartholbakken
1299,39817,GULEN,4635,Svartholmen
1299,18076,VARDØ,5634,Svartnes
1299,31817,IBESTAD,5514,Svartskjær
1299,12748,ÅFJORD,5058,Svartskjæret Ø
1299,12074,ULLENSVANG,4618,Svåsandneset
104,13091,OSEN,1633,Svefjorden
183,12865,AVERØY,1554,Sveggevika
1299,11776,KINN,4602,Sveholmane
97,17655,BØMLO,1219,Sveholmen
1299,13727,HITRA,5056,Svellungen
69,13173,NORDRE LAND,0538,Svendslien
1299,10305,SOLUND,4636,Sveneset
76,12522,TYNSET,0437,Sverja
60,13895,RINGSAKER,0412,Sveum
91,11960,SANDNES,1102,Svihus
175,14456,RENNESØY,1142,Svinavika
1299,40118,ANDØY,1871,Svindalen I
1299,11813,FJALER,4646,Svinøy V
319,11228,ØKSNES,1868,Svinøya Ø
1299,11144,RØDØY,1836,Svinvær
1299,22955,VINDAFJORD,1160,Svollandsneset
1299,21975,KVINNHERAD,4617,Svortevik
96,13280,VEVELSTAD,1816,Svortvika
1299,13228,KVINNHERAD,4617,Sydnessund
239,10545,TORSKEN,1928,Sylsnes
1299,13196,ØYGARDEN,4626,Syltøy
135,11030,HERØY I NORDLAND,1818,Synstholmen
1299,38537,FRØYA,5014,Synstøy-Bremøya
482,29836,FRØYA,5014,Synstøya
1299,10309,ØYGARDEN,4626,Syrtangen
95,25675,VANYLVEN,1511,Syvdsnes-Stranda
245,34438,VANYLVEN,1511,Syvdsnesstranda
1299,18355,FJORD,1578,Tafjord
1299,38697,ÅFJORD,5058,Takflua
1299,37777,STAVANGER,1103,Talgje
607,20577,SULDAL,1134,Tandraneset
512,14996,TVEDESTRAND,0914,Tangferholmen
1299,34417,FRØYA,5014,Taraskjæra
459,10582,FLEKKEFJORD,1004,Tarmevikodden
1299,16165,BODØ,1804,Tårnvika
1152,11961,STRAND,1130,Tauvågen
1299,45141,UTSIRA,1151,Tednevik
1299,26575,SULDAL,1134,Teigane
112,17715,GRANVIN,1234,Teigen
1299,13057,KVAM,4622,Teigland I
183,18635,HAREID,1517,Teineberget
69,11566,OS I HORDALAND,1243,Teinevika
499,11832,FLORA,1401,Teisthalsen
148,10491,VESTVÅGØY,1860,Teistholmen I
53,11194,VESTVÅGØY,1860,Teistholmen II
1299,29776,MELØY,1837,Teksmona
69,13575,TOLGA,0436,Tela Fiskeanlegg
1299,21755,ETNE,4611,Tendalsvik
1299,12449,FRØYA,5014,Tennøya
139,14202,BREMANGER,1438,Tennøysundet
153,12729,NÆRØY,1751,Tennskjæret
1299,13644,OSTERØY,4630,Tepstad
81,11494,AUSTEVOLL,1244,Ternholmen
1299,11741,ØYGARDEN,4626,Ternholmen Nø
1233,12268,MOLDE,1506,Terningen
1299,12662,NAMSOS,5007,Ternskjæret II
1299,15517,HAMMERFEST,5603,Tinnlandet
187,22735,LEKA,1755,Tistelen
1299,25815,SVEIO,4612,Tittelsnes
515,28916,VIKNA,5050,Tjærnholmen
1299,20075,HAMARØY,1875,Tjajneluokta
1299,29616,AURE,1576,Tjeldbergodden Biopark
1299,45181,AURE,1576,Tjeldbergodden Øst
1299,45183,AURE,1576,Tjeldbergodden Øst 2
327,10589,RISØR,0901,Tjenndalsstranda
1299,45116,STEINKJER,5006,Tjuin Industriområde
1299,31077,EVENES,1853,Tjukkeneset
1299,12753,ÅFJORD,5058,Tjuvholmen Strandh
1299,10054,AUSTEVOLL,4625,Tobbeholmane
105,22017,HURUM,0628,Tofteholmen
1164,11414,ØKSNES,1868,Toften
1299,10635,HAMMERFEST,5603,Toknebuktneset
1299,17575,BOKN,1145,Tollaksholmen
60,13506,RINGSAKER,0412,Tømmerli
1299,34777,AURE,1576,Tømmervåg
154,12111,VINDAFJORD,1160,Tømmervik
509,21175,TYSFJORD,1850,Tømmervik S
231,12024,KVINNHERAD,1224,Tømmervika
1299,38237,TYSNES,4616,Toneset
1299,45056,SIRDAL,4228,Tonstadtippen
1299,26055,HARSTAD,5503,Toppsund Ø
1299,30236,HARSTAD,5503,Toppsund V
1299,30837,AUSTEVOLL,4625,Torangskjeret
68,12538,VÅLER I HEDMARK,0426,Tøråsen
1299,30177,NÆRØYSUND,5060,Torgerhaugen
1299,11628,FITJAR,4615,Torget
119,18815,EID,1443,Torheim
170,12901,TINGVOLL,1560,Torjulvågen
1299,37677,TINGVOLL,1560,Torjulvågen Land
1299,12671,NÆRØYSUND,5060,Torlandsøya
69,10251,HALDEN,0101,Torpedalen
606,24755,TYSVÆR,1146,Torskavika
1047,12114,VINDAFJORD,1160,Torsneset
234,30477,KARLSØY,1936,Torsvåg
1299,34077,KARLSØY,5534,Torsvåg II
69,12764,FOLLDAL,0439,Torud
1299,13156,KVAM,4622,Tørvikvatnet
1299,45121,STAD,4649,Torvneset
158,13278,TRÆNA,1835,Tørvøy V
1299,33677,HØYANGER,4638,Torvund
1299,13584,BRØNNØY,1813,Tosbotn
1299,34917,BINDAL,1811,Tosen
1299,31497,ALVER,4631,Toska N
1299,14018,ALVER,4631,Toska S
1135,10071,ALVER,4631,Toskasundet
1299,37757,AUSTEVOLL,4625,Tovo
1299,29336,AUSTEVOLL,4625,Trælsøyosen
1299,30517,SENJA,5530,Trælvika
87,25615,FLORA,1401,Træsneset
1299,32717,ØRLAND,5057,Tranøya N
1299,10090,ASKVOLL,4645,Trellevika
459,10082,ASKØY,1247,Tressvatn
290,11712,ASKØY,1247,Tretteosen
1299,17077,SENJA,5530,Trettevik
1299,45097,ØYGARDEN,4626,Trettholmane
1299,32857,BØMLO,4613,Trettholmosen
327,12932,RISØR,0901,Trettodden
152,23875,RISØR,0901,Trettodden V
1299,45144,ASKØY,4627,Trettosen
1299,11517,SVEIO,4612,Trettøy
1299,30560,ØRLAND,5057,Tristeinen
1299,13677,HEIM,5055,Trøan Bjørklibukta
1299,37497,VESTNES,1535,Trohaugen
460,27335,LEBESBY,2022,Trollbukt
1299,11264,SØRFOLD,1845,Trollbukta
1299,13594,SORTLAND,1870,Trolløya Sv
1299,38457,AUSTEVOLL,4625,Trollsøy
1299,11351,TJELDSUND,5512,Trollvika
288,24935,SOLUND,1412,Trommesteinen
1299,10332,KVINNHERAD,4617,Trommo
59,12161,LÆRDAL,1422,Trondhellarbukti
1299,11453,BOKN,1145,Trosnavåg
1299,13637,VINDAFJORD,1160,Trovåg
1299,37637,AUSTRHEIM,4632,Trøvika
1299,12302,ÅLESUND,1508,Tueneset
1299,10029,KARMØY,1149,Tuholmane Ø
1299,11572,BØMLO,4613,Tungeneset
1299,10147,ETNE,4611,Tungesvik
240,13207,GULEN,1411,Tunsbergpollen
239,10067,FJELL,1246,Turøy
1299,35397,ASKVOLL,4645,Tussaneset
1299,25855,TROMSØ,5501,Tussøya
1299,10821,ALTA,5601,Tuvan
1299,45101,TVEDESTRAND,4213,Tvedestrand Vgs
1149,12889,TINGVOLL,1560,Tveekrem
1299,14081,HYLLESTAD,4637,Tveit
1299,10077,ASKØY,4627,Tveitevåg
1299,30717,KVAM,4622,Tveitnes
1299,12077,KVINNHERAD,4617,Tveitnesvik
66,25155,STORD,1221,Tveitøyane
1299,12428,FRØYA,5014,Tverrvågen
1201,14241,HERØY I NORDLAND,1818,Tvillingholman S
47,12778,SNILLFJORD,1613,Tynnsøya N
1299,10335,ULLENSVANG,4618,Tyssedal
1299,12643,ÅFJORD,5058,Tysvika
1299,35857,HJELMELAND,1133,Tytlandsvik
136,20675,FLORA,1401,Uførenesgrunnen
1299,13562,STORD,4614,Uføro
1129,13120,OSLO,0301,Veterinærinstituttet Oslo
1299,10570,NORDREISA,5544,Uløy
1299,10726,SKJERVØY,5542,Uløybukt
1299,13570,HITRA,5056,Ulværholmen
1299,13720,HITRA,5056,Ulvan
466,12102,KVINNHERAD,1224,Ulveneset
1299,17862,ØYGARDEN,4626,Ulvesundet
49,11475,KARMØY,1149,Ulvøy N
192,17860,ØYGARDEN,1259,Ulvøy N
1299,34737,HAUGESUND,1106,Ulvøyo
1299,15316,HATTFJELLDAL,1826,Unkervatn
1299,32437,SURNADAL,1566,Urda
1299,45058,STRANDA,1525,Urdaneset
91,10049,BØMLO,1219,Urdatangen
1299,20797,NAMSOS,5007,Urdvika
1299,12269,ØRSTA,1520,Urke
515,32837,NÆRØY,5051,Ursbakken
1299,11533,ØYGARDEN,4626,Usholmsvika
1299,24135,KVINNHERAD,4617,Utåker
1299,37977,VINDAFJORD,1160,Utbjoa Land
67,11698,ASKØY,1247,Utfarvika
66,25175,HATTFJELLDAL,1826,Utgård
1299,10145,BJØRNAFJORDEN,4624,Utlebøen
1299,14678,BØ I NORDLAND,1867,Uvåg
240,13158,HØYANGER,1416,Vadheim
1299,40058,HØYANGER,4638,Vadheim 2
1299,40057,HØYANGER,4638,Vadheim I
1299,35517,ØYGARDEN,4626,Vadholmen
134,13117,LURØY,1834,Værholmsundet
1299,22495,SENJA,5530,Værnes
1299,24197,HITRA,5056,Værøya Ø
1299,37017,ASKVOLL,4645,Værøyhamna
1299,11892,VINDAFJORD,1160,Vågafossen
1299,45113,HASVIK,5616,Vågananlegget
1299,12837,VINJE,4036,Vågi Totak
1299,45205,HARAM,1580,Vågholmen
1076,10677,SØR-VARANGER,5444,Vagnfjorden
1299,35637,BODØ,1804,Vågøya
1299,45108,SMØLA,1573,Vågsholmen
1299,37117,GILDESKÅL,1838,Vågsosen
1299,10091,KINN,4602,Vågsøya
166,32377,RAUMA,1539,Vågstrandpollen
242,32378,RAUMA,1539,Vågstrandpollen Land
1299,45085,NÆRØYSUND,5060,Val
308,26877,HADSEL,1866,Valbeinneset
1299,15816,VESTVÅGØY,1860,Valbergene
1299,10850,ENGERDAL,3425,Valdalen
296,19578,OSTERØY,1253,Valestrandvågen
1039,27896,VÅGAN,1865,Valhall
1299,31557,FRØYA,5014,Valøyan
76,12739,BJUGN,1627,Valsøya
47,12779,SNILLFJORD,1613,Valstranda
445,13522,NESNA,1828,Valvika
1299,40077,NESNA,1828,Valvika Alge
1299,38857,NORDKAPP,5620,Vannfjorden
1299,35937,Indre Fosen,5054,Vanvikan
134,12016,KVAM,1238,Varaneset
1299,36657,KVAM,4622,Vardanes
1299,35657,HITRA,5056,Varden
1143,18075,VARDØ,5404,Vardøya
421,10968,LURØY,1834,Vardskjær Ø
137,10970,LURØY,1834,Vardskjær V
1299,36337,LURØY,1834,Vardskjæret S
1299,36317,BRØNNØY,1813,Varholmen
1299,45023,LURØY,1834,Varpet
1299,12303,ØRSTA,1520,Vartdal
1299,10865,BINDAL,1811,Varvassvika
69,13715,NORD-AURDAL,0542,Vasetdansen
105,15518,HAMMERFEST,2004,Vassbukt
69,13525,LURØY,1834,Vassbukta
459,11137,MELØY,1837,Vassdalsvik
1299,39857,MELØY,1837,Vassdalsvik Alge
1299,37717,ORKLAND,5059,Vassgåsholmen
79,27396,GULEN,1411,Vassøy
1299,10126,HJELMELAND,1133,Vassvik
183,17595,TRANØY,1927,Vassvika
1299,18117,LOPPA,5614,Vassvika
455,11728,GULEN,1411,Vatnøy
1299,45071,GULEN,4635,Vatnøy
1299,13047,VÅGAN,1865,Våtvika
87,24635,FLORA,1401,Vaulen
420,10430,BRØNNØY,1813,Vedal
1299,10652,NORDKAPP,5620,Vedbotn
192,12802,BJUGN,1627,Veddersholmen
91,14203,BØMLO,1219,Vedøy N
1299,12678,NAMSOS,5007,Vedøya
1299,38317,GILDESKÅL,1838,Vedskjeran
1299,10504,BØ I NORDLAND,1867,Vedvika
1299,11303,HAMARØY,1875,Veggfjell
100,10836,HAMMERFEST,2004,Vegglandet
1299,45025,HAMMERFEST,5603,Vegglandet
1299,32637,BÅTSFJORD,5632,Veidnes
1299,32337,KINN,4602,Veiesund
1299,45165,HASVIK,5616,Veines
93,10177,VOLDA,1519,Velsvik
69,12512,RINGEBU,0520,Venåssetra
1299,35838,TROMSØ,5501,Vengsøy
1299,13660,STAD,4649,Venøyvikane
1299,45179,MOLDE,1506,Veøy Sør
1299,13837,KINN,4602,Verpeide
418,33497,NORDDAL,1524,Verpesdalsbugen
201,10593,HVALER,0111,Veslegunilla
1299,12670,NAMSOS,5007,Veso Vikan
1299,11385,HARSTAD,5503,Vestnes
1299,10191,HARAM,1580,Vestrefjorden
1299,24096,HEIM,5055,Vestseøra
240,11557,SVEIO,1216,Vestvik
240,10058,SVEIO,1216,Vestvikvågen
1299,13709,STAD,4649,Vetrhusstranda
1299,12223,VANYLVEN,1511,Videild
1299,11903,SANDNES,1108,Viganeset V
496,12885,KRISTIANSUND,1505,Vikageilen
1299,13704,MASFJORDEN,4634,Vikane
1148,17395,FITJAR,4615,Vikane
1299,39017,GISKE,1532,Vikane
1299,27315,ULLENSVANG,4618,Vikane 1
1299,12595,ÅFJORD,5058,Vikbukta
1299,10863,BINDAL,1811,Vikestadvågen
258,13955,NESNA,1828,Vikholmen
518,39097,INDRE FOSEN,5054,Vikingbase
1299,45059,Indre Fosen,5054,Vikingbase I
211,13652,OSTERØY,1253,Viknabukta
1299,11624,BØMLO,4613,Vikøya S
1299,12682,NAMSOS,5007,Vindhammaren
1299,36717,SENJA,5530,Vindhammarneset
1299,11252,BØ I NORDLAND,1867,Vindhammeren
1193,37957,ØYGARDEN,4626,Vindøy
1299,12839,FJORD,1578,Vindsnes
1299,13226,HJELMELAND,1133,Vindsvik
1299,19235,BODØ,1804,Vindvika
1299,36119,STEIGEN,1848,Vinkfjorden Alge
186,10834,HAMMERFEST,2004,Vinnaeide
1299,10616,HAMMERFEST,5603,Vinnalandet
1299,39737,KARLSØY,5534,Vinterneset
1299,11925,SULDAL,1134,Vintraviki
232,32477,BÅTSFJORD,2028,Voie
1299,13246,HERØY I MØRE OG ROMSDAL,1515,Voldnes
1299,23895,STAVANGER,1103,Voll II
431,12334,SANDE I MØRE OG ROMSDAL,1514,Voravika
1299,45135,SANDE I MØRE OG ROMSDAL,1514,Voravika
1299,15878,BØMLO,4613,Vordnesholmen
55,13571,SNILLFJORD,1613,Vorpbukta
1299,45138,VESTNES,1535,Vorpeneset
192,13723,SNILLFJORD,1613,Vorpneset
1299,36237,SKJERVØY,5542,Vorterøya
1299,45083,SKJERVØY,5542,Vorterøyskagen
54,10587,KVITESEID,0829,Vrådal
1299,17495,HEIM,5055,Vullum
1299,23676,FARSUND,4206,Ydstesteinen
1299,29936,KVINNHERAD,4617,Ystadneset
1299,13306,TJELDSUND,5512,Ystevika
1299,45003,ALSTAHAUG,1820,Ystøya
1299,45142,SENJA,5530,Ytre Baltsfjord
1299,39777,HADSEL,1866,Ytre Hadseløya
423,13016,KVÆNANGEN,1943,Ytre Hamnebukt
1299,45213,HUSTADVIKA,1579,Ytre Harøy
1299,24155,SENJA,5530,Ytre Jøvik
83,10402,FLATANGER,1749,Ytre Kallhammeren
1299,32617,ALTA,5601,Ytre Koven
1299,24175,SENJA,5530,Ytre Lavollsfjord
182,10805,KVÆNANGEN,1943,Ytre Nappen
1299,20176,ALTA,5601,Ytre Simanes
1299,11338,TJELDSUND,5512,Ytre Stræte
1271,29417,HERØY I NORDLAND,1818,Ytre Vassholmen
1299,45032,NÆRØYSUND,5060,Ytterflesa
1299,18595,SORTLAND,1870,Ytterhavna
